Código,Departamento,Poblacion2010,Viviendas2010,Hogares2010,Hogares_ADptos_sinred2010,Hogares_ADptos_hac_sinred2010,Hogares_CasasB2010,Hacinamiento,Casa_A,viv_Departamento.x,hc_total,VivHabitadas2010,Casa,Rancho,Casilla,viv_Departamento.y,Pieza.en.inquilinato,Pieza.en.hotel.familiar.o.pensión,Local.no.construido.para.habitación,Vivienda.móvil,defhab_simple,defhab_complejo,defhab_simple_pct,defhab_complejo_pct,def_cuali,def_cuali_pct
2001,Comuna 01,206535,130771,84981,39,5,3379,Más de  3.00 personas por cuarto,381,504,885,77669,8715,94,515,58641,5128,4301,265,10,7312,17625,8.60427624998529,20.739930102022804,4298,5.05760111083654
2002,Comuna 02,158083,107967,73338,1,0,25,Más de  3.00 personas por cuarto,13,176,189,71447,1027,2,47,69848,219,290,10,4,1891,2463,2.5784722790367884,3.358422645831629,215,0.29316316234421447
2003,Comuna 03,188819,101161,81616,0,0,310,Más de  3.00 personas por cuarto,58,577,635,76942,4758,0,70,65241,2282,4358,219,14,4674,11617,5.726818270927269,14.233728680650854,945,1.1578612036855518
2004,Comuna 04,218641,82926,76701,31,1,3570,Más de  3.00 personas por cuarto,689,443,1132,69640,24710,125,375,37653,5287,1080,398,12,7061,14338,9.205877367961305,18.693367752702052,4732,6.1694110898162995
2005,Comuna 05,178924,92750,77085,0,0,94,Más de  3.00 personas por cuarto,64,366,430,74054,8903,0,47,61360,1404,2203,137,0,3031,6822,3.9320230913926184,8.849970811441915,524,0.6797690860738146
2006,Comuna 06,176611,93368,75512,0,0,121,Más de  3.00 personas por cuarto,20,285,305,73305,7631,0,19,64491,264,822,78,0,2207,3390,2.9227142705795104,4.489352685665855,426,0.5641487445703994
2007,Comuna 07,220495,89520,81603,9,1,1997,Más de  3.00 personas por cuarto,474,372,846,73940,23286,15,119,46662,2106,1570,182,0,7663,11655,9.390586130411872,14.282563141060992,2851,3.4937441025452496
2008,Comuna 08,187565,55377,58326,27,2,5432,Más de  3.00 personas por cuarto,1285,269,1554,48922,25534,183,405,21371,1178,29,222,0,9404,11421,16.123169769913932,19.58131879436272,7011,12.02036827486884
2009,Comuna 09,162051,63322,56618,0,0,984,Más de  3.00 personas por cuarto,359,176,535,51517,29019,23,38,21411,235,640,151,0,5101,6188,9.009502278427355,10.92938641421456,1519,2.6828923663852486
2010,Comuna 10,165788,71572,61222,1,1,617,Más de  3.00 personas por cuarto,161,187,348,58295,28946,29,72,27741,1033,348,126,0,2927,4535,4.780961092417758,7.407467903694751,965,1.5762307667178466
2011,Comuna 11,189470,84649,71178,0,0,406,Más de  3.00 personas por cuarto,114,215,329,68175,29607,0,57,37859,367,110,175,0,3003,3712,4.2190002528871275,5.2150945516873195,735,1.0326224395178285
2012,Comuna 12,199622,93409,78214,0,0,199,Más de  3.00 personas por cuarto,87,156,243,75095,28659,28,30,45971,119,148,140,0,3119,3584,3.9877771242999973,4.582299844017695,442,0.5651162196026287
2013,Comuna 13,231534,129633,100777,0,0,47,Más de  3.00 personas por cuarto,112,279,391,98187,10550,9,68,86389,398,637,136,0,2590,3838,2.5700308602161206,3.8084086646754716,438,0.434622979449676
2014,Comuna 14,225751,141222,102738,0,0,50,Más de  3.00 personas por cuarto,31,309,340,99567,5835,0,10,92074,350,1223,75,0,3171,4829,3.0864918530631313,4.700305631801281,390,0.3796063773871401
2015,Comuna 15,182655,86326,72725,1,0,349,Más de  3.00 personas por cuarto,128,319,447,69549,19108,4,61,48734,1255,247,140,0,3176,4883,4.3671364730147815,6.714334822963218,797,1.095909247163974
6028,Almirante Brown,552963,156204,157064,51641,1039,26592,Más de  3.00 personas por cuarto,2138,188,2326,142899,121151,856,5861,14490,356,18,142,25,14165,21423,9.018616614883104,13.63966281261142,79520,50.62904293791066
6035,Avellaneda,342311,121292,112973,185,2,6635,Más de  3.00 personas por cuarto,1121,455,1576,105857,70149,425,1000,33293,600,139,251,0,7116,9531,6.298850167739194,8.436529082170075,8394,7.430093916245474
6091,Berazategui,324008,96025,92936,2939,64,9101,Más de  3.00 personas por cuarto,2096,134,2230,86753,77565,790,3836,3848,542,0,146,26,6183,11523,6.652965481621761,12.39885512610829,14206,15.28578806920892
6260,Esteban Echeverría,301118,88153,86062,25179,564,16750,Más de  3.00 personas por cuarto,1596,244,1840,79970,71454,1250,1836,4770,478,49,110,23,6092,9838,7.078617740698566,11.431293718482024,43205,50.20217982384793
6270,Ezeiza,163850,49204,44510,17171,620,12986,Más de  3.00 personas por cuarto,828,43,871,42001,37314,447,2114,2036,55,0,35,0,2509,5160,5.636935520107841,11.59290047180409,30408,68.31723208267805
6274,Florencio Varela,426179,113989,113164,11525,401,28103,Más de  3.00 personas por cuarto,2611,94,2705,104524,90242,1294,7707,4754,207,54,266,0,8640,18168,7.634936905729737,16.05457566010392,41932,37.054186843872614
6371,General San Martín,414893,138011,133627,1037,53,9985,Más de  3.00 personas por cuarto,1535,234,1769,123537,98790,809,2080,20686,678,188,304,2,10090,14151,7.550869210563733,10.589925688670702,12738,9.532504658489676
6408,Hurlingham,181072,55440,54979,27628,409,5283,Más de  3.00 personas por cuarto,573,74,647,51191,45746,249,732,4165,202,20,68,9,3788,5068,6.889903417668565,9.21806507939395,33149,60.29393040979283
6410,Ituzaingó,167802,54363,51387,37354,299,3767,Más de  3.00 personas por cuarto,388,30,418,48593,46191,84,893,1281,77,0,67,0,2794,3915,5.437172825811976,7.618658415552572,41240,80.25376067877089
6412,José C. Paz,266263,72231,71876,38909,781,19838,Más de  3.00 personas por cuarto,998,53,1051,66640,62357,376,2748,829,130,39,121,40,5236,8690,7.28476821192053,12.090266570204241,59017,82.10946630307753
6427,La Matanza,1776156,447306,485096,67101,2141,91608,Más de  3.00 personas por cuarto,8745,1344,10089,433996,361650,2937,10695,54251,3147,180,1089,47,51100,69195,10.533997394330195,14.264186882596436,166657,34.355467783696426
6434,Lanús,458499,157867,149106,241,0,10805,Más de  3.00 personas por cuarto,1727,297,2024,138536,111447,459,1195,24927,308,87,109,4,10570,12732,7.0889166096602425,8.53889179509879,13070,8.765576167290384
6490,Lomas de Zamora,616245,188186,188819,1233,20,32451,Más de  3.00 personas por cuarto,3166,162,3328,163930,142849,1356,2854,15394,1279,26,167,5,24889,30576,13.181406532181613,16.193285633331392,36992,19.591248762041953
6515,Malvinas Argentinas,323337,87283,89743,55724,1142,18694,Más de  3.00 personas por cuarto,1400,110,1510,81577,75224,653,2921,1976,635,27,141,0,8166,12543,9.099316938368453,13.976577560366826,74786,83.33351904883946
6539,Merlo,527344,147221,147186,44908,1292,32738,Más de  3.00 personas por cuarto,2601,147,2748,135778,123149,754,5591,5544,440,9,290,1,11408,18493,7.750737162501868,12.564374329080211,79102,53.742883154647856
6560,Moreno,452621,129560,124124,35988,1054,31385,Más de  3.00 personas por cuarto,2341,111,2452,114190,103846,1014,4815,3811,438,17,230,19,9934,16467,8.0032870355451,13.266572137539878,68771,55.405078792175566
6568,Morón,322193,117303,107017,12966,82,4197,Más de  3.00 personas por cuarto,555,200,755,101566,79948,114,822,20107,149,173,211,42,5451,6962,5.093583262472317,6.505508470616818,17836,16.666510928170293
6658,Quilmes,583232,182216,177105,473,15,21921,Más de  3.00 personas por cuarto,2510,277,2787,164449,139452,1360,6573,15980,678,48,339,19,12656,21673,7.146043307642359,12.237373309618588,25166,14.209649642867225
6749,San Fernando,163232,51910,49422,493,2,4036,Más de  3.00 personas por cuarto,1006,166,1172,44740,33819,174,882,9271,421,21,147,5,4682,6332,9.473513819756384,12.812107968111366,5699,11.531301849378819
6756,San Isidro,293658,107600,97626,96,0,2872,Más de  3.00 personas por cuarto,774,142,916,93242,70897,134,946,20940,124,35,149,17,4384,5789,4.490607010427549,5.929772806424518,3884,3.978448364165284
6760,San Miguel,276102,82879,80610,26078,513,13411,Más de  3.00 personas por cuarto,1050,121,1171,74793,65260,539,1762,6684,238,153,157,0,5817,8666,7.21622627465575,10.750527229872224,40147,49.80399454162014
6805,Tigre,376371,118416,108574,27041,589,14646,Más de  3.00 personas por cuarto,1912,136,2048,101523,89609,882,4043,5981,758,39,172,39,7051,12984,6.494188295540369,11.958664136902021,43146,39.73879566010279
6840,Tres de Febrero,340634,119907,112935,3553,111,5738,Más de  3.00 personas por cuarto,852,463,1315,105293,76315,464,1022,26720,468,63,241,0,7642,9900,6.766724221897552,8.766104396334175,10495,9.292956125204764
6861,Vicente López,269435,114728,99091,12,0,1072,Más de  3.00 personas por cuarto,227,147,374,95493,60233,39,919,33375,293,285,349,0,3598,5483,3.6310058431139054,5.533297675873692,1458,1.471374796903856
6007,Adolfo Alsina,17072,7932,6237,825,7,324,Más de  3.00 personas por cuarto,41,8,49,6097,5869,36,26,136,17,4,6,3,140,232,2.244668911335578,3.719737053070386,1191,19.095719095719097
6014,Adolfo Gonzáles Chaves,12047,5211,4199,460,3,243,Más de  3.00 personas por cuarto,29,2,31,4090,3973,12,14,77,3,0,2,9,109,149,2.5958561562276734,3.548463919980948,731,17.408906882591094
6021,Alberti,10654,4939,3828,443,5,200,Más de  3.00 personas por cuarto,28,0,28,3725,3645,47,7,15,3,0,5,3,103,168,2.690700104493208,4.38871473354232,666,17.398119122257054
6042,Ayacucho,20337,8408,6967,870,10,301,Más de  3.00 personas por cuarto,130,0,130,6768,6486,44,39,174,13,0,7,5,199,307,2.856322663987369,4.406487727859911,1291,18.530213865365294
6049,Azul,65371,25703,22112,1437,12,1401,Más de  3.00 personas por cuarto,193,40,233,21033,18830,99,101,1940,11,16,21,15,1079,1342,4.879703328509407,6.069102749638206,3059,13.834117221418236
6056,Bahía Blanca,301460,124721,105246,662,4,4605,Más de  3.00 personas por cuarto,1322,145,1467,102062,75084,580,315,25640,165,42,198,38,3184,4522,3.025293122779013,4.296600345856374,6730,6.394542310396595
6063,Balcarce,43823,17444,14720,1181,17,1298,Más de  3.00 personas por cuarto,210,10,220,14022,12633,62,236,1022,14,1,27,27,698,1065,4.741847826086956,7.235054347826086,2682,18.220108695652172
6070,Baradero,32761,12301,10416,671,8,777,Más de  3.00 personas por cuarto,133,0,133,10001,9549,122,134,169,7,1,15,4,415,698,3.9842549923195087,6.701228878648234,1573,15.101766513056836
6077,Arrecifes,29044,10870,9546,479,6,629,NA,NA,NA,NA,NA,NA,NA,NA,NA,NA,NA,NA,NA,NA,NA,NA,NA,NA,NA
6084,Benito Juárez,20239,8437,6786,568,7,287,Más de  3.00 personas por cuarto,61,3,64,6638,6438,25,17,127,6,9,13,3,148,221,2.180960801650457,3.256704980842912,912,13.4394341290893
6098,Berisso,88499,29507,27452,214,12,2376,Más de  3.00 personas por cuarto,421,10,431,26121,22740,190,1560,1344,130,88,69,0,1331,3368,4.848462771382777,12.268687163048229,3009,10.96095002185633
6105,Bolívar,34128,15141,12002,977,15,673,Más de  3.00 personas por cuarto,132,3,135,11708,11252,46,21,351,16,1,18,3,294,399,2.4495917347108818,3.3244459256790537,1770,14.747542076320613
6112,Bragado,41336,16519,14291,1153,10,1012,Más de  3.00 personas por cuarto,154,3,157,13457,12852,63,34,465,7,9,18,9,834,974,5.835840738926597,6.815478273038976,2312,16.178014134770137
6119,Brandsen,26367,10550,8324,2030,39,1005,Más de  3.00 personas por cuarto,127,9,136,8016,7405,71,259,251,6,0,22,2,308,668,3.700144161460836,8.02498798654493,3132,37.626141278231614
6126,Campana,94528,31867,28161,1331,47,3303,Más de  3.00 personas por cuarto,381,0,381,26700,22568,309,910,2792,33,41,8,39,1461,2801,5.1880259933951205,9.946379745037463,4968,17.641418983700863
6134,Cañuelas,51892,18269,15312,6313,177,2870,Más de  3.00 personas por cuarto,235,8,243,14650,13442,138,465,534,25,3,30,13,662,1336,4.323406478578892,8.725182863113897,9249,60.403605015673975
6140,Capitán Sarmiento,14494,5227,4672,410,16,272,Más de  3.00 personas por cuarto,67,3,70,4481,4322,43,37,58,13,0,6,2,191,292,4.088184931506849,6.25,736,15.753424657534246
6147,Carlos Casares,22237,9446,7775,900,15,564,Más de  3.00 personas por cuarto,133,7,140,7504,7033,40,15,378,16,1,18,3,271,364,3.485530546623794,4.681672025723473,1589,20.437299035369776
6154,Carlos Tejedor,11570,5011,3976,1209,9,479,Más de  3.00 personas por cuarto,33,0,33,3832,3765,11,13,23,8,0,11,1,144,188,3.6217303822937628,4.7283702213279675,1712,43.05835010060362
6161,Carmen de Areco,14692,5571,4631,751,14,478,Más de  3.00 personas por cuarto,78,0,78,4498,4382,46,16,35,6,0,11,2,133,214,2.8719499028287627,4.621032174476355,1293,27.92053552148564
6168,Castelli,8205,3371,2721,408,9,143,Más de  3.00 personas por cuarto,57,1,58,2666,2595,18,13,33,3,0,0,4,55,93,2.0213156927600147,3.4178610804851157,600,22.05071664829107
6175,Colón,24890,9254,8191,806,6,659,Más de  3.00 personas por cuarto,104,1,105,7926,7534,28,10,329,8,0,14,3,265,328,3.2352582102307412,4.004395067757295,1564,19.094127701135395
6182,Coronel de Marina L. Rosales,62088,23385,19377,350,6,523,Más de  3.00 personas por cuarto,208,84,292,18822,16203,76,28,2437,26,0,37,15,555,737,2.8642204675646386,3.8034783506218717,1159,5.98131805749084
6189,Coronel Dorrego,15825,7691,5689,567,6,210,Más de  3.00 personas por cuarto,46,3,49,5586,5377,27,14,149,7,0,7,5,103,163,1.8105115134470031,2.865178414484092,820,14.413780980840219
6196,Coronel Pringles,22933,10026,8097,781,13,604,Más de  3.00 personas por cuarto,120,1,121,7888,7593,23,11,227,13,0,15,6,209,277,2.5812029146597504,3.4210201309126838,1493,18.43892799802396
6203,Coronel Suárez,38320,16878,13451,2000,10,725,Más de  3.00 personas por cuarto,65,3,68,13104,12562,51,19,414,25,6,20,7,347,475,2.579733848784477,3.5313359601516616,2783,20.68991153074121
6210,Chacabuco,48703,18929,16496,1002,19,1181,Más de  3.00 personas por cuarto,216,7,223,15624,14806,98,25,606,61,10,16,2,872,1084,5.286129970902037,6.571290009699321,2387,14.470174587778855
6217,Chascomús,42277,17593,13903,2022,30,1047,Más de  3.00 personas por cuarto,162,12,174,13425,12483,158,145,586,10,1,22,20,478,834,3.438106883406459,5.998705315399555,3213,23.110120117960154
6224,Chivilcoy,64071,27055,22014,2284,46,1999,Más de  3.00 personas por cuarto,195,18,213,20900,19810,137,76,846,20,0,10,1,1114,1358,5.060416098846189,6.168801671663487,4450,20.214409012446623
6231,Daireaux,16889,6571,5479,733,11,410,Más de  3.00 personas por cuarto,80,3,83,5284,5098,37,12,104,14,0,14,5,195,277,3.5590436210987404,5.055667092535134,1215,22.175579485307537
6238,Dolores,27042,10553,9004,1334,13,1387,Más de  3.00 personas por cuarto,49,3,52,8767,8406,52,50,228,12,2,17,0,237,370,2.63216348289649,4.109284762327854,2760,30.65304309195913
6245,Ensenada,56700,19343,17411,0,0,1711,Más de  3.00 personas por cuarto,248,0,248,16612,14261,48,1156,1044,37,55,8,3,799,2106,4.589052897593476,12.095801504795817,1959,11.25150766756648
6252,Escobar,213681,65378,60026,29748,890,11197,Más de  3.00 personas por cuarto,1184,63,1247,55011,48441,542,2492,3119,314,11,71,21,5015,8466,8.354712957718322,14.103888315063474,41302,68.80685036484189
6266,Exaltación de la Cruz,29805,12685,9101,3137,54,1021,Más de  3.00 personas por cuarto,167,3,170,8625,8130,99,190,130,50,1,20,5,476,841,5.230194484122624,9.240742775519175,4274,46.961872321722886
6277,Florentino Ameghino,8869,3895,2986,497,7,205,Más de  3.00 personas por cuarto,37,2,39,2923,2840,14,6,42,9,0,7,5,63,104,2.1098459477561957,3.4829202947086406,734,24.581379772270594
6280,General Alvarado,39594,25095,12732,1003,10,880,Más de  3.00 personas por cuarto,226,10,236,12339,10678,76,220,1298,17,2,37,11,393,756,3.0867106503298776,5.937794533459001,2109,16.564561734213008
6287,General Alvear,11130,4099,3308,422,4,248,Más de  3.00 personas por cuarto,45,2,47,3174,3080,9,16,46,8,1,4,10,134,182,4.050785973397823,5.501813784764209,713,21.55380894800484
6294,General Arenales,14903,6819,5327,677,3,357,Más de  3.00 personas por cuarto,23,0,23,5248,5159,37,16,21,3,0,10,2,79,147,1.4830110756523371,2.759526938239159,1054,19.78599587009574
6301,General Belgrano,17365,7962,6008,1186,19,545,Más de  3.00 personas por cuarto,78,0,78,5879,5666,74,34,75,5,0,15,10,129,267,2.1471371504660453,4.444074567243675,1790,29.793608521970704
6308,General Guido,2816,1495,1005,201,1,119,Más de  3.00 personas por cuarto,7,0,7,998,954,20,12,1,7,0,2,2,7,50,0.6965174129353234,4.975124378109453,326,32.43781094527363
6315,General Juan Madariaga,19747,7636,6332,1711,44,1152,Más de  3.00 personas por cuarto,71,9,80,6162,5723,24,60,281,11,1,18,44,170,328,2.684775742261529,5.180037902716361,2899,45.78332280480101
6322,General La Madrid,10783,4982,3777,1143,14,367,Más de  3.00 personas por cuarto,35,4,39,3689,3609,7,13,36,6,3,7,8,88,132,2.3298914482393434,3.494837172359015,1535,40.64072014826582
6329,General Las Heras,14889,5470,4641,1576,36,564,Más de  3.00 personas por cuarto,69,2,71,4466,4262,19,63,80,13,0,24,5,175,299,3.770739064856712,6.442577030812324,2175,46.864899806076274
6336,General Lavalle,3700,1659,1176,411,9,196,Más de  3.00 personas por cuarto,20,0,20,1146,1095,13,19,4,6,0,5,4,30,77,2.5510204081632653,6.547619047619048,618,52.55102040816326
6343,General Paz,11202,5276,3782,768,10,424,Más de  3.00 personas por cuarto,40,0,40,3647,3488,70,30,41,5,0,11,2,135,253,3.5695399259650977,6.689582231623479,1222,32.310946589106294
6351,General Pinto,11261,5124,3888,586,6,310,Más de  3.00 personas por cuarto,42,0,42,3820,3759,15,5,23,3,3,6,6,68,106,1.7489711934156378,2.7263374485596708,932,23.97119341563786
6357,General Pueyrredón,617263,307404,208687,8367,185,10481,Más de  3.00 personas por cuarto,1957,369,2326,200966,141061,868,2369,55794,331,84,397,62,7721,11832,3.6997992208426975,5.669735057765936,20989,10.057646139912883
6364,General Rodríguez,87222,29309,24937,8682,274,5457,Más de  3.00 personas por cuarto,368,11,379,23120,20282,303,1501,959,21,0,21,33,1817,3696,7.286361631310903,14.82134980149978,14244,57.119942254481295
6385,General Viamonte,18078,7751,6286,1615,12,870,Más de  3.00 personas por cuarto,39,1,40,6172,6035,41,13,66,9,0,6,2,114,185,1.813553929366847,2.9430480432707604,2513,39.97772828507795
6392,General Villegas,30864,12604,10342,2891,58,1322,Más de  3.00 personas por cuarto,122,9,131,10120,9736,53,43,194,42,1,23,28,222,412,2.1465867337072133,3.9837555598530265,4286,41.442660994005024
6399,Guaminí,11826,5387,4224,723,5,192,Más de  3.00 personas por cuarto,22,0,22,4134,4066,11,8,21,6,0,5,17,90,137,2.130681818181818,3.243371212121212,932,22.064393939393938
6406,Hipólito Yrigoyen,9585,3992,3295,317,5,207,Más de  3.00 personas por cuarto,33,0,33,3206,3141,13,9,29,4,0,9,1,89,125,2.7010622154779966,3.793626707132018,552,16.752655538694995
6413,Junín,90184,35494,30277,1322,26,1722,Más de  3.00 personas por cuarto,249,30,279,29071,25419,151,261,3139,60,0,39,2,1206,1719,3.983221587343528,5.6775770386762225,3297,10.889454041021237
6420,La Costa,69627,97857,23949,5279,136,1838,Más de  3.00 personas por cuarto,338,110,448,23241,18462,71,161,4287,94,25,134,7,708,1200,2.9562820994613555,5.010647626205687,7429,31.020084345901704
6441,La Plata,654234,259352,221394,10128,219,12625,Más de  3.00 personas por cuarto,1783,390,2173,210944,144386,1005,11145,53489,377,182,335,25,10450,23519,4.720091782071782,10.6231424519183,24707,11.159742359774881
6448,Laprida,10210,4306,3472,378,5,202,Más de  3.00 personas por cuarto,36,0,36,3373,3285,2,8,69,2,0,3,4,99,118,2.851382488479263,3.398617511520737,611,17.597926267281107
6455,Las Flores,23871,10029,8213,616,6,706,Más de  3.00 personas por cuarto,91,5,96,7924,7660,83,26,119,16,0,14,6,289,434,3.518811640082795,5.284305369536101,1412,17.192256179228053
6462,Leandro N. Alem,16799,6950,5783,855,10,657,Más de  3.00 personas por cuarto,47,1,48,5653,5544,44,16,34,10,0,5,0,130,205,2.247968182604185,3.5448729033373683,1550,26.802697561819127
6469,Lincoln,41808,17372,14528,1662,22,1251,Más de  3.00 personas por cuarto,139,8,147,14063,13338,67,43,562,24,1,19,9,465,628,3.2007158590308373,4.322687224669604,3038,20.9113436123348
6476,Lobería,17523,7189,5902,904,8,290,Más de  3.00 personas por cuarto,76,2,78,5750,5532,34,30,122,6,0,18,8,152,248,2.5753981701118267,4.2019654354456115,1264,21.416468993561505
6483,Lobos,36172,13700,11749,3513,63,1316,Más de  3.00 personas por cuarto,128,3,131,11007,10485,115,79,288,15,2,23,0,742,976,6.315431100519193,8.307089965103414,4897,41.68014299089285
6497,Luján,106443,37527,32643,10923,223,3865,Más de  3.00 personas por cuarto,476,57,533,31331,28646,206,511,1873,41,18,28,8,1312,2124,4.019238427840579,6.506754893851668,15098,46.25187635940324
6505,Magdalena,19301,6892,5358,1024,21,404,Más de  3.00 personas por cuarto,92,2,94,5145,4811,59,172,74,4,0,19,6,213,473,3.9753639417693174,8.827920865994775,1501,28.01418439716312
6511,Maipú,10188,4332,3447,219,5,296,Más de  3.00 personas por cuarto,46,2,48,3369,3251,29,35,34,4,0,9,7,78,162,2.2628372497824194,4.699738903394255,558,16.187989556135772
6518,Mar Chiquita,21279,14266,7115,2724,41,608,Más de  3.00 personas por cuarto,111,2,113,6905,6605,34,70,144,6,0,29,17,210,366,2.9515108924806746,5.144061841180604,3404,47.84258608573436
6525,Marcos Paz,54181,16621,14656,1260,35,2676,Más de  3.00 personas por cuarto,406,6,412,14029,12996,158,432,366,31,4,38,4,627,1294,4.2781113537117905,8.82914847161572,4313,29.42822052401747
6532,Mercedes,63298,23564,20249,2311,46,1736,Más de  3.00 personas por cuarto,260,0,260,19620,18462,93,127,912,7,0,16,3,629,875,3.1063262383327572,4.321201046965283,4261,21.043014469850363
6547,Monte,21034,8542,6587,1173,15,515,Más de  3.00 personas por cuarto,114,9,123,6376,6067,28,69,173,16,0,14,9,211,347,3.203279186275998,5.267952026719295,1796,27.265826628207073
6553,Monte Hermoso,6499,10105,2331,251,2,94,Más de  3.00 personas por cuarto,26,8,34,2270,1802,8,35,400,12,3,7,3,61,129,2.616902616902617,5.534105534105534,377,16.173316173316174
6574,Navarro,17054,6691,5321,834,15,589,Más de  3.00 personas por cuarto,81,1,82,5210,5018,57,28,81,7,1,11,7,111,222,2.086074046231911,4.172148092463822,1490,28.00225521518512
6581,Necochea,92648,41778,31227,1204,13,1279,Más de  3.00 personas por cuarto,389,25,414,29960,25562,61,28,4221,30,10,40,8,1267,1444,4.057386236269895,4.624203413712492,2884,9.235597399686169
6588,9 de Julio,47722,20204,16308,1686,30,959,Más de  3.00 personas por cuarto,198,18,216,15833,14872,103,45,769,13,1,25,5,475,667,2.912680892813343,4.090017169487368,2831,17.359578121167527
6595,Olavarría,111277,43194,36724,6339,93,3373,Más de  3.00 personas por cuarto,295,61,356,35859,31732,130,68,3838,20,1,66,4,865,1154,2.355407907635334,3.142359220128527,9975,27.162073848164685
6602,Patagones,30207,13234,10183,612,10,949,Más de  3.00 personas por cuarto,264,14,278,9801,8976,81,60,463,161,1,26,33,382,744,3.751350289698517,7.306294805067269,1829,17.961308062457036
6609,Pehuajó,39776,17041,13805,1344,12,1547,Más de  3.00 personas por cuarto,157,17,174,13495,12604,45,36,754,21,0,18,17,310,447,2.2455632017385008,3.2379572618616446,3053,22.115175660992396
6616,Pellegrini,5887,2545,2100,297,3,108,Más de  3.00 personas por cuarto,20,3,23,2006,1956,2,8,24,6,5,5,0,94,120,4.476190476190476,5.714285714285714,425,20.238095238095237
6623,Pergamino,104810,39485,34856,1606,33,2450,Más de  3.00 personas por cuarto,336,0,336,33325,30786,550,38,1904,30,0,12,5,1531,2166,4.392357126463163,6.21413816846454,4359,12.505737893045673
6630,Pila,3640,1676,1215,326,3,81,Más de  3.00 personas por cuarto,19,0,19,1197,1131,42,10,5,0,2,3,4,18,79,1.4814814814814816,6.502057613168724,423,34.81481481481482
6638,Pilar,298515,93531,82537,34622,972,19999,Más de  3.00 personas por cuarto,1188,58,1246,77282,69125,719,3696,3087,393,55,108,99,5255,10325,6.366841537734593,12.509541175472819,54895,66.50956540702957
6644,Pinamar,25713,24369,8205,1867,74,485,Más de  3.00 personas por cuarto,157,80,237,7744,5771,31,73,1713,91,7,54,4,461,721,5.618525289457648,8.78732480195003,2515,30.65204143814747
6648,Presidente Perón,81136,22499,21427,2392,75,6274,Más de  3.00 personas por cuarto,443,20,463,20074,17922,153,1665,278,53,0,3,0,1353,3227,6.314463060624447,15.060437765436133,9054,42.25509870723853
6651,Puán,15743,8417,6328,716,2,130,Más de  3.00 personas por cuarto,13,0,13,6243,6127,40,6,51,11,2,6,0,85,150,1.343236409608091,2.370417193426043,857,13.542983565107459
6655,Punta Indio,9888,5163,3413,637,4,198,Más de  3.00 personas por cuarto,20,0,20,3361,3118,50,120,58,1,0,9,5,52,237,1.5235862877234103,6.944037503662467,851,24.934075593319662
6665,Ramallo,33042,11515,10201,421,7,865,Más de  3.00 personas por cuarto,163,0,163,9842,9510,98,109,92,17,0,9,7,359,599,3.519262817370846,5.871973335947456,1442,14.135869032447799
6672,Rauch,15176,6521,5325,611,7,323,Más de  3.00 personas por cuarto,59,1,60,5200,4990,24,14,155,3,0,11,3,125,180,2.3474178403755865,3.3802816901408446,987,18.535211267605632
6679,Rivadavia,17143,6590,5483,1071,15,489,Más de  3.00 personas por cuarto,110,4,114,5239,5082,27,27,56,16,1,16,14,244,345,4.450118548240015,6.2921758161590375,1659,30.257158489877806
6686,Rojas,23432,9948,8010,531,5,504,Más de  3.00 personas por cuarto,82,2,84,7717,7405,57,16,205,14,0,17,3,293,400,3.65792759051186,4.9937578027465666,1114,13.907615480649188
6693,Roque Pérez,12513,5280,4295,1583,22,384,Más de  3.00 personas por cuarto,53,1,54,4216,4068,47,18,35,25,2,20,1,79,192,1.839348079161816,4.470314318975553,1999,46.542491268917345
6700,Saavedra,20749,9147,7315,469,0,156,Más de  3.00 personas por cuarto,26,3,29,7187,6950,10,6,207,6,0,8,0,128,158,1.7498291182501706,2.1599453178400547,654,8.940533151059467
6707,Saladillo,32103,13352,10768,1258,13,703,Más de  3.00 personas por cuarto,138,5,143,10512,9849,78,24,518,7,0,29,7,256,401,2.37741456166419,3.723997028231798,2091,19.418647845468055
6714,Salto,32653,12442,10689,756,10,929,Más de  3.00 personas por cuarto,148,0,148,10372,9996,96,56,170,21,1,23,9,317,523,2.965665637571335,4.892880531387408,1823,17.05491626906165
6721,Salliqueló,8644,3859,3162,298,3,101,Más de  3.00 personas por cuarto,14,0,14,3098,3051,6,7,26,1,0,6,1,64,85,2.0240354206198607,2.6881720430107525,410,12.966476913345984
6728,San Andrés de Giles,23027,8565,7284,2188,31,857,Más de  3.00 personas por cuarto,87,1,88,7043,6758,111,50,73,30,2,14,5,241,453,3.3086216364634815,6.219110378912685,3102,42.58649093904448
6735,San Antonio de Areco,23138,8294,7191,1383,25,362,Más de  3.00 personas por cuarto,117,1,118,6845,6689,28,16,80,11,0,16,5,346,422,4.811570018078153,5.868446669447921,1838,25.55972743707412
6742,San Cayetano,8399,3783,2961,417,1,112,Más de  3.00 personas por cuarto,29,1,30,2904,2723,28,10,137,0,0,6,0,57,101,1.9250253292806485,3.4110097939885176,558,18.84498480243161
6763,San Nicolás,145843,48455,45074,468,7,3642,Más de  3.00 personas por cuarto,700,33,733,42853,38813,310,605,3046,47,0,29,3,2221,3215,4.92745263344722,7.132715090739672,4836,10.729023383768913
6770,San Pedro,59036,20684,18441,888,21,1667,Más de  3.00 personas por cuarto,298,9,307,17409,15880,281,290,856,63,13,23,3,1032,1705,5.596225801203839,9.245702510709831,2841,15.40588905156987
6778,San Vicente,59478,19287,17116,3857,143,3402,Más de  3.00 personas por cuarto,346,4,350,16377,14737,230,1230,139,13,4,16,8,739,2240,4.31759756952559,13.087169899509233,7466,43.62000467398925
6784,Suipacha,10081,3846,3204,502,4,309,Más de  3.00 personas por cuarto,42,0,42,3120,3016,34,14,45,4,0,5,2,84,143,2.6217228464419478,4.463171036204744,849,26.498127340823967
6791,Tandil,123841,50450,43155,2239,7,2296,Más de  3.00 personas por cuarto,509,111,620,41989,34381,135,191,7103,33,0,86,60,1166,1671,2.7018885413045997,3.872088981578033,5148,11.929092805005213
6798,Tapalqué,9178,4152,3163,616,9,367,Más de  3.00 personas por cuarto,33,0,33,3105,3049,16,9,25,3,0,1,2,58,89,1.833702181473285,2.8137843819159025,1007,31.83686373695858
6812,Tordillo,1764,782,558,206,3,142,Más de  3.00 personas por cuarto,7,1,8,536,506,4,18,2,2,0,3,1,22,50,3.942652329749104,8.960573476702509,353,63.261648745519715
6819,Tornquist,12723,7668,4538,594,2,146,Más de  3.00 personas por cuarto,39,5,44,4472,4218,10,12,203,11,2,9,7,66,117,1.4543851917144115,2.5782282944028205,782,17.23226090788894
6826,Trenque Lauquen,43021,17197,14519,1195,24,532,Más de  3.00 personas por cuarto,210,14,224,13772,12910,38,43,707,19,8,19,28,747,902,5.144982436806942,6.21254907362766,1927,13.27226393002273
6833,Tres Arroyos,57403,28782,20241,2056,26,871,Más de  3.00 personas por cuarto,200,21,221,19709,18164,69,50,1387,8,7,20,4,532,690,2.6283286398893333,3.408922484066993,3122,15.42413912356109
6847,Tres Lomas,8700,3426,2894,237,2,185,Más de  3.00 personas por cuarto,21,5,26,2845,2773,12,5,44,1,0,8,2,49,77,1.6931582584657914,2.6606772633033864,446,15.411195577055977
6854,25 de Mayo,35842,15596,12416,1498,19,1062,Más de  3.00 personas por cuarto,121,4,125,12029,11325,150,48,452,17,2,18,17,387,639,3.1169458762886597,5.146585051546391,2666,21.472293814432987
6868,Villa Gesell,31730,30793,10374,719,20,565,Más de  3.00 personas por cuarto,209,56,265,9971,7692,61,163,1855,100,13,74,13,403,827,3.8847117794486214,7.971852708694814,1529,14.738770001927898
6875,Villarino,31014,12401,9890,1193,21,1666,Más de  3.00 personas por cuarto,201,24,225,9553,8813,137,98,202,277,6,15,5,337,875,3.4074823053589482,8.84732052578362,3063,30.97067745197169
6882,Zárate,114215,36007,34001,1046,19,3160,Más de  3.00 personas por cuarto,476,18,494,30723,27302,482,1192,1664,29,25,15,14,3278,5035,9.640892914914268,14.80838798858857,4681,13.76724213993706
10007,Ambato,4463,3093,1294,124,3,298,Más de  3.00 personas por cuarto,26,0,26,1250,1191,40,12,1,3,0,3,0,44,102,3.400309119010819,7.8825347758887165,445,34.38948995363214
10014,Ancasti,2917,1075,786,77,2,441,Más de  3.00 personas por cuarto,8,0,8,756,686,57,5,1,0,0,6,1,30,99,3.816793893129771,12.595419847328243,524,66.66666666666666
10021,Andalgalá,18132,6203,4697,69,5,949,Más de  3.00 personas por cuarto,92,2,94,4469,4342,55,13,31,20,3,4,1,228,324,4.854162231211411,6.898020012774111,1107,23.56823504364488
10028,Antofagasta de la Sierra,1436,736,365,1,0,68,Más de  3.00 personas por cuarto,2,0,2,356,168,185,0,0,1,0,2,0,9,197,2.4657534246575343,53.97260273972603,71,19.45205479452055
10035,Belén,27843,8142,6817,48,0,1806,Más de  3.00 personas por cuarto,122,1,123,6288,5830,335,2,75,37,0,4,5,529,912,7.760011735367464,13.378318908610826,1977,29.001026844653072
10042,Capayán,16085,5072,3927,421,25,1194,Más de  3.00 personas por cuarto,120,0,120,3779,3641,98,21,5,3,0,7,4,148,281,3.7687802393684744,7.155589508530685,1710,43.544690603514134
10049,Capital,159431,44606,41984,83,15,4959,Más de  3.00 personas por cuarto,1216,12,1228,39115,36487,296,235,1849,217,8,11,12,2869,3648,6.833555640243902,8.689024390243901,6255,14.898532774390244
10056,El Alto,3570,1666,1042,76,6,482,Más de  3.00 personas por cuarto,16,0,16,1015,949,41,14,3,3,1,4,0,27,90,2.5911708253358925,8.637236084452974,568,54.510556621881
10063,Fray Mamerto Esquiú,11896,3482,3019,7,0,360,Más de  3.00 personas por cuarto,92,0,92,2844,2794,14,28,2,2,1,3,0,175,223,5.796621397813846,7.3865518383570725,459,15.203709837694602
10070,La Paz,22638,7364,6093,134,4,2085,Más de  3.00 personas por cuarto,122,1,123,5768,5248,402,33,28,38,2,10,7,325,817,5.3339898243886426,13.408829804693912,2338,38.371902182832756
10077,Paclin,4185,1983,1152,89,4,223,Más de  3.00 personas por cuarto,25,0,25,1080,1044,22,7,1,3,1,1,1,72,107,6.25,9.288194444444445,333,28.90625
10084,Poman,10776,3459,2746,67,1,648,Más de  3.00 personas por cuarto,62,0,62,2657,2537,85,7,15,11,0,2,0,89,194,3.241077931536781,7.064821558630735,776,28.25928623452294
10091,Santa María,22548,7573,5982,171,6,1662,Más de  3.00 personas por cuarto,75,10,85,5513,4966,353,21,107,58,1,7,0,469,909,7.840187228351722,15.195586760280843,1912,31.962554329655635
10098,Santa Rosa,12034,3605,3096,71,1,964,Más de  3.00 personas por cuarto,77,0,77,2914,2786,65,36,7,7,1,1,11,182,303,5.8785529715762275,9.786821705426355,1111,35.88501291989664
10105,Tinogasta,22360,8038,6066,307,9,1522,Más de  3.00 personas por cuarto,92,1,93,5818,5684,103,2,16,8,0,3,2,248,366,4.088361358391032,6.033630069238378,1913,31.536432575008245
10112,Valle Viejo,27242,7537,6882,57,1,1061,Más de  3.00 personas por cuarto,183,2,185,6461,6298,59,50,36,11,0,6,1,421,548,6.117407730310956,7.962801511188608,1302,18.91891891891892
14007,Calamuchita,54730,27312,16915,1229,30,1436,Más de  3.00 personas por cuarto,278,19,297,16270,15216,129,217,579,63,6,35,25,645,1120,3.81318356488324,6.621342004138339,2932,17.33372746083358
14014,Capital,1327716,472417,415107,1155,69,23921,Más de  3.00 personas por cuarto,7608,1304,8912,388352,293674,1284,1326,89635,1324,591,500,18,26755,31798,6.44532614482531,7.66019363682135,33919,8.171146234585299
14021,Colón,225151,74060,63780,3482,89,6327,Más de  3.00 personas por cuarto,1582,146,1728,60380,56457,319,195,3131,166,16,84,12,3400,4192,5.33082470994042,6.572593289432424,11448,17.949200376293508
14028,Cruz del Eje,58759,18638,15948,342,6,4037,Más de  3.00 personas por cuarto,327,11,338,15265,14428,452,42,266,39,2,16,20,683,1254,4.28266867318786,7.863054928517682,4711,29.53975420115375
14035,General Roca,35645,13752,11608,5780,79,1597,Más de  3.00 personas por cuarto,123,5,128,11340,11078,36,60,53,36,7,16,54,268,477,2.3087525844245347,4.109235010337698,7426,63.973121984838045
14042,General San Martín,127295,50236,41812,3870,124,3119,Más de  3.00 personas por cuarto,502,110,612,40401,35209,144,62,4709,204,6,46,21,1411,1894,3.3746292930259254,4.52980005739979,7477,17.882426097770974
14049,Ischilín,31312,10712,8734,360,6,1730,Más de  3.00 personas por cuarto,175,4,179,8389,8115,105,17,111,23,4,11,3,345,508,3.950080146553698,5.8163498969544305,2263,25.910235859858027
14056,Juárez Celman,61078,22833,19745,1591,28,1146,Más de  3.00 personas por cuarto,249,45,294,19211,18430,51,46,540,67,3,32,42,534,775,2.704482147379083,3.92504431501646,3003,15.20891364902507
14063,Marcos Juárez,104205,40874,35476,4844,66,1955,Más de  3.00 personas por cuarto,319,5,324,34404,33762,85,52,389,55,8,36,17,1072,1325,3.021761190664111,3.734919382117488,7057,19.892321569511783
14070,Minas,4727,2105,1495,105,1,608,Más de  3.00 personas por cuarto,16,0,16,1447,1307,120,12,1,3,1,3,0,48,187,3.2107023411371234,12.508361204013378,728,48.69565217391305
14077,Pocho,5380,2327,1611,224,5,468,Más de  3.00 personas por cuarto,18,0,18,1563,1223,313,2,7,5,5,4,4,48,381,2.97951582867784,23.649906890130353,705,43.76163873370577
14084,Presidente Roque Sáenz Peña,36282,14350,12111,3005,48,1678,Más de  3.00 personas por cuarto,100,5,105,11895,11584,25,19,205,14,0,18,30,216,322,1.7835026009412929,2.658739988440261,4740,39.13797374287837
14091,Punilla,178354,80893,55251,1526,47,3359,Más de  3.00 personas por cuarto,936,144,1080,52986,46544,233,221,5747,125,22,68,26,2265,2960,4.099473312700223,5.357369097391902,5918,10.71111835079908
14098,Río Cuarto,246110,100246,80797,4126,35,5209,Más de  3.00 personas por cuarto,871,44,915,78333,69729,346,144,7625,268,33,112,76,2464,3443,3.0496181788927808,4.261296830327859,10215,12.642796143421167
14105,Río Primero,46675,16553,13652,1368,24,1916,Más de  3.00 personas por cuarto,303,24,327,13142,12438,274,43,318,36,2,18,13,510,896,3.735716378552593,6.563140931731615,3587,26.274538529153237
14112,Río Seco,13242,5051,3846,211,9,1238,Más de  3.00 personas por cuarto,104,2,106,3688,3434,201,9,28,6,2,7,1,158,384,4.108164326573062,9.98439937597504,1546,40.19760790431617
14119,Río Segundo,103718,36622,32090,1325,19,2253,Más de  3.00 personas por cuarto,420,17,437,30976,30091,114,31,609,77,9,38,7,1114,1390,3.471486444375195,4.331567466500467,3996,12.45247740729199
14126,San Alberto,37004,14649,10320,747,17,2177,Más de  3.00 personas por cuarto,269,19,288,9816,9166,278,32,244,53,5,17,21,504,910,4.883720930232558,8.817829457364342,3195,30.959302325581394
14133,San Javier,53520,19301,15855,566,7,3157,Más de  3.00 personas por cuarto,244,14,258,15006,14169,270,33,409,99,6,14,6,849,1277,5.354777672658467,8.054241564175339,3974,25.064648375906657
14140,San Justo,206408,76481,66882,6345,112,4921,Más de  3.00 personas por cuarto,704,95,799,64638,60249,191,70,3867,111,7,131,12,2244,2766,3.3551628240782274,4.135641876738136,11953,17.871774169432733
14147,Santa María,98188,35783,28144,2008,47,3530,Más de  3.00 personas por cuarto,510,73,583,26707,24798,125,151,1485,77,6,45,20,1437,1861,5.105884025014213,6.612421830585561,6074,21.581864695849916
14154,Sobremonte,4591,1638,1311,166,3,427,Más de  3.00 personas por cuarto,30,0,30,1233,1185,32,2,6,6,0,2,0,78,120,5.949656750572083,9.153318077803203,620,47.29214340198322
14161,Tercero Arriba,109554,42429,36058,1193,15,1412,Más de  3.00 personas por cuarto,427,23,450,35121,33381,110,24,1495,68,6,29,8,937,1182,2.5985911586887793,3.2780520272893674,3040,8.430861389982805
14168,Totoral,18556,6713,5363,546,13,815,Más de  3.00 personas por cuarto,141,2,143,5142,4948,47,17,93,24,6,5,2,221,322,4.120827894834981,6.004102181614767,1491,27.80160358008577
14175,Tulumba,12673,5563,4041,308,7,1294,Más de  3.00 personas por cuarto,89,2,91,3944,3721,145,6,33,22,8,6,3,97,287,2.4003959415986142,7.102202425142291,1686,41.72234595397179
14182,Unión,105727,40673,34669,1950,36,2777,Más de  3.00 personas por cuarto,417,25,442,33807,32772,177,52,719,31,2,36,18,862,1178,2.4863711096368513,3.397848221754305,5133,14.805734229426864
18007,Bella Vista,37181,10478,9823,419,6,2470,Más de  3.00 personas por cuarto,173,2,175,9334,8378,607,228,51,46,2,21,1,489,1394,4.978112592894228,14.191183956021582,3058,31.13101903695409
18014,Berón de Astrada,2461,884,676,49,1,227,Más de  3.00 personas por cuarto,3,0,3,662,551,97,11,0,2,0,0,1,14,125,2.0710059171597637,18.49112426035503,278,41.124260355029584
18021,Capital,357958,100816,97074,410,11,10677,Más de  3.00 personas por cuarto,2729,44,2773,87973,73532,1374,1868,9464,1335,273,121,6,9101,14078,9.375321919360488,14.502338422234583,13849,14.266435914869069
18028,Concepción,21113,5858,5205,148,1,1125,Más de  3.00 personas por cuarto,46,0,46,5024,2998,674,1314,1,20,2,2,13,181,2206,3.477425552353506,42.38232468780019,1318,25.321805955811723
18035,Curuzú Cuatiá,44384,13796,12446,593,9,2674,Más de  3.00 personas por cuarto,245,0,245,11901,11019,551,95,153,36,4,26,17,545,1274,4.378916921099148,10.236220472440944,3503,28.145588944239115
18042,Empedrado,15109,4757,4055,314,3,1252,Más de  3.00 personas por cuarto,40,0,40,3905,3326,409,161,1,4,1,2,1,150,728,3.6991368680641186,17.953144266337855,1603,39.53144266337855
18049,Esquina,30802,9071,8108,728,17,2327,Más de  3.00 personas por cuarto,105,1,106,7770,6494,840,361,20,25,13,15,2,338,1594,4.168722249629995,19.659595461272815,3144,38.77651702022693
18056,General Alvear,7926,2885,2387,98,2,467,Más de  3.00 personas por cuarto,37,0,37,2287,2099,67,114,0,4,0,2,1,100,288,4.189359028068706,12.065354000837871,600,25.136154168412233
18063,General Paz,14836,4706,4119,111,0,1055,Más de  3.00 personas por cuarto,71,0,71,3934,3064,665,166,2,27,2,7,1,185,1053,4.491381403253217,25.56445739257101,1237,30.031561058509347
18070,Goya,89888,25802,24309,681,8,5545,Más de  3.00 personas por cuarto,333,0,333,23130,20208,1957,473,349,112,9,21,1,1179,3752,4.850055534987042,15.434612694886669,6551,26.948866674894074
18077,Itatí,9171,2865,2456,140,1,746,Más de  3.00 personas por cuarto,35,0,35,2385,2241,98,27,2,9,2,6,0,71,213,2.8908794788273613,8.672638436482085,920,37.45928338762215
18084,Ituzaingó,31150,10319,8367,313,5,1712,Más de  3.00 personas por cuarto,127,18,145,7918,6642,446,515,201,70,6,26,12,449,1524,5.366320066929604,18.214413768375763,2165,25.875463128959
18091,Lavalle,28759,8113,7312,300,5,2590,Más de  3.00 personas por cuarto,121,0,121,7108,5576,1207,263,3,44,1,13,1,204,1733,2.789934354485777,23.700765864332602,3006,41.110503282275715
18098,Mburucuyá,9252,3167,2524,82,1,837,Más de  3.00 personas por cuarto,33,0,33,2482,2096,268,113,0,3,0,2,0,42,428,1.664025356576862,16.957210776545168,951,37.67828843106181
18105,Mercedes,40667,12684,11172,518,8,2158,Más de  3.00 personas por cuarto,240,1,241,10638,10118,324,97,63,19,1,12,4,534,991,4.779806659505907,8.870390261367705,2909,26.038310060866454
18112,Monte Caseros,36338,11495,10543,787,8,970,Más de  3.00 personas por cuarto,176,4,180,10119,9118,175,590,151,35,10,35,5,424,1274,4.0216257232286825,12.083847102342787,1929,18.296500047424832
18119,Paso de los Libres,48642,13632,13254,435,7,1704,Más de  3.00 personas por cuarto,276,6,282,12053,10698,311,573,358,69,6,26,12,1201,2198,9.06141542175947,16.583672853478195,2414,18.213369548815454
18126,Saladas,22244,6371,5638,176,1,1470,Más de  3.00 personas por cuarto,62,0,62,5470,4380,474,582,8,13,1,9,3,168,1250,2.97978006385243,22.170982617949626,1707,30.276693863072012
18133,San Cosme,14381,6589,3882,464,12,1092,Más de  3.00 personas por cuarto,81,1,82,3690,3438,149,58,9,23,1,6,6,192,435,4.945904173106646,11.205564142194744,1626,41.88562596599691
18140,San Luis del Palmar,17590,4936,4417,87,1,1621,Más de  3.00 personas por cuarto,70,0,70,4253,3695,522,18,4,12,1,0,1,164,718,3.7129273262395293,16.255376952682816,1777,40.23092596785148
18147,San Martín,13140,4343,3661,257,4,816,Más de  3.00 personas por cuarto,59,0,59,3525,3155,241,99,3,16,0,7,4,136,503,3.7148320131111716,13.73941546025676,1128,30.811253755804422
18154,San Miguel,10572,2893,2553,53,3,789,Más de  3.00 personas por cuarto,33,0,33,2473,1749,540,166,2,4,2,6,4,80,802,3.1335683509596555,31.414022718370543,872,34.15589502546024
18161,San Roque,18366,5278,4684,108,5,1632,Más de  3.00 personas por cuarto,91,0,91,4513,3984,377,141,0,6,1,2,2,171,700,3.650725875320239,14.944491887275833,1826,38.98377455166525
18168,Santo Tomé,61297,17917,16664,607,12,2927,Más de  3.00 personas por cuarto,251,12,263,15472,13251,718,524,678,172,2,38,89,1192,2735,7.153144503120499,16.412626020163227,3785,22.713634181469036
18175,Sauce,9032,2989,2514,110,1,799,Más de  3.00 personas por cuarto,43,0,43,2470,2269,179,8,6,2,2,4,0,44,239,1.7501988862370723,9.506762132060462,951,37.828162291169456
22007,Almirante Brown,34075,10123,8730,863,9,5198,Más de  3.00 personas por cuarto,43,0,43,7995,6639,908,322,12,51,4,24,35,735,2079,8.419243986254296,23.81443298969072,6095,69.81672394043528
22014,Bermejo,25052,7945,7128,291,3,2453,Más de  3.00 personas por cuarto,80,0,80,6799,6251,432,32,17,39,18,5,5,329,860,4.615600448933782,12.065095398428733,2821,39.576318742985414
22021,Comandante Fernández,97123,29188,27093,993,9,11298,Más de  3.00 personas por cuarto,179,28,207,25920,24124,385,337,696,350,9,18,1,1173,2273,4.3295316133318575,8.389620935296941,12489,46.09677776547448
22028,Chacabuco,30590,9089,8494,4022,35,3818,Más de  3.00 personas por cuarto,38,6,44,8003,7428,294,81,125,67,1,3,4,491,941,5.780550977160349,11.078408288203438,7849,92.40640452083824
22036,12 de Octubre,22281,6813,6021,1581,19,3038,Más de  3.00 personas por cuarto,32,0,32,5769,5076,402,178,24,44,3,18,24,252,921,4.185351270553064,15.296462381664174,4632,76.93074240159442
22039,2 de Abril,7432,2420,2121,824,13,1163,Más de  3.00 personas por cuarto,13,0,13,2018,1896,59,6,8,38,0,6,5,103,217,4.856199905704856,10.231023102310232,1987,93.68222536539368
22043,Fray Justo Santa María de Oro,11826,3554,3229,713,7,2051,Más de  3.00 personas por cuarto,8,0,8,3077,2660,250,17,8,94,0,24,24,152,561,4.707339733663673,17.373799938061318,2765,85.63022607618458
22049,General Belgrano,11988,3554,3078,438,4,2009,Más de  3.00 personas por cuarto,10,0,10,2931,2788,41,92,1,1,3,5,0,147,289,4.775828460038986,9.389213775178687,2453,79.69460688758934
22056,General Donovan,13490,4023,3698,66,2,1221,Más de  3.00 personas por cuarto,60,0,60,3576,3332,192,24,3,20,1,4,0,122,363,3.299080584099513,9.81611681990265,1345,36.37101135749054
22063,General Güemes,67132,19116,17243,290,5,9069,Más de  3.00 personas por cuarto,87,2,89,16065,12691,2301,792,71,149,8,42,11,1178,4481,6.831757814765411,25.987357188424287,9443,54.764252160296934
22070,Independencia,22411,6254,5417,436,9,3867,Más de  3.00 personas por cuarto,34,1,35,5201,4827,107,245,1,17,0,1,3,216,589,3.987446926342994,10.873177035259369,4329,79.91508214879084
22077,Libertad,12158,3592,3237,152,2,901,Más de  3.00 personas por cuarto,50,2,52,3101,2921,126,30,6,4,0,12,2,136,310,4.201421068890948,9.576768612913192,1103,34.07476058078468
22084,Libertador General San Martín,59147,17245,15797,191,5,5821,Más de  3.00 personas por cuarto,203,2,205,15129,12593,2052,256,99,105,3,13,8,668,3105,4.228651009685383,19.655630815977716,6212,39.32392226372096
22091,Maipú,25288,6872,6346,458,5,3444,Más de  3.00 personas por cuarto,65,0,65,6103,5251,536,237,16,35,0,17,11,243,1079,3.829183737787583,17.00283643239836,3962,62.43302867948314
22098,Mayor Luis J. Fontana,55080,16558,15495,931,10,6747,Más de  3.00 personas por cuarto,126,9,135,14388,13553,245,183,248,128,3,25,3,1107,1694,7.144240077444337,10.932558889964504,7803,50.358180058083256
22105,9 de Julio,28555,8565,7799,2330,23,4070,Más de  3.00 personas por cuarto,26,1,27,7419,6775,442,77,43,57,0,13,12,380,981,4.872419540966791,12.578535709706372,6404,82.11309142197717
22112,O'Higgins,20131,6075,5184,156,2,2577,Más de  3.00 personas por cuarto,76,0,76,5002,4699,166,94,4,28,0,8,3,182,481,3.5108024691358026,9.278549382716049,2807,54.14737654320988
22119,Presidencia de la Plaza,12499,3574,3416,47,0,1422,Más de  3.00 personas por cuarto,63,0,63,3184,2912,153,86,3,18,1,11,0,232,501,6.791569086651054,14.666276346604215,1532,44.84777517564403
22126,1°  de Mayo,10322,3524,2954,171,3,852,Más de  3.00 personas por cuarto,49,0,49,2849,2685,109,39,1,6,0,7,2,105,268,3.5545023696682465,9.07244414353419,1069,36.18821936357482
22133,Quitilipi,34081,9207,8809,188,2,3971,Más de  3.00 personas por cuarto,75,0,75,8276,7278,618,298,13,59,0,9,1,533,1518,6.050630037461687,17.232375979112273,4232,48.04177545691906
22140,San Fernando,390773,116778,110143,158,3,18758,Más de  3.00 personas por cuarto,1903,39,1942,103466,90729,1999,1641,7743,1050,155,139,10,6677,11671,6.062119244981524,10.596224907620094,20855,18.934476090173682
22147,San Lorenzo,14702,4449,3992,94,2,2416,Más de  3.00 personas por cuarto,27,0,27,3759,3564,105,73,3,10,2,2,0,233,425,5.836673346693387,10.64629258517034,2535,63.50200400801603
22154,Sargento Cabral,15889,4947,4367,163,1,2334,Más de  3.00 personas por cuarto,50,0,50,4068,3805,172,70,0,14,0,3,4,299,562,6.846805587359743,12.869246622395236,2546,58.300893061598345
22161,Tapenagá,4097,1474,1156,41,1,565,Más de  3.00 personas por cuarto,29,0,29,1113,1030,37,37,0,6,1,1,1,43,126,3.7197231833910034,10.899653979238755,634,54.844290657439444
22168,25 de Mayo,29215,7663,7532,108,5,3372,Más de  3.00 personas por cuarto,109,1,110,6758,5940,523,216,19,33,2,20,5,774,1573,10.276155071694106,20.884227296866705,3585,47.59691980881572
26007,Biedma,82715,27851,24343,126,8,1367,Más de  3.00 personas por cuarto,659,154,813,22825,17255,104,384,4768,215,14,36,49,1518,2320,6.2358788974243105,9.530460501992359,2298,9.440085445507949
26014,Cushamen,20919,7955,6714,720,11,1054,Más de  3.00 personas por cuarto,118,10,128,5968,5297,234,92,295,26,0,15,9,746,1122,11.11111111111111,16.71134941912422,1891,28.165028299076557
26021,Escalante,186743,62051,56864,84,2,3849,Más de  3.00 personas por cuarto,1218,156,1374,52929,44314,643,1034,6259,452,63,126,38,3935,6291,6.920019696117051,11.06323860438942,5305,9.329276871131121
26028,Florentino Ameghino,1627,648,479,72,0,56,Más de  3.00 personas por cuarto,8,0,8,460,456,0,2,1,0,0,1,0,19,22,3.966597077244259,4.592901878914405,136,28.39248434237996
26035,Futaleufú,43076,15320,13740,370,4,988,Más de  3.00 personas por cuarto,285,38,323,12833,11182,111,224,1232,54,5,19,6,907,1326,6.601164483260553,9.65065502183406,1677,12.20524017467249
26042,Gaiman,11141,4202,3508,199,3,416,Más de  3.00 personas por cuarto,67,6,73,3279,3057,78,11,108,13,0,7,5,229,343,6.5279361459521095,9.777651083238311,685,19.52679589509692
26049,Gastre,1427,663,512,48,0,244,Más de  3.00 personas por cuarto,5,0,5,421,403,16,1,1,0,0,0,0,91,108,17.7734375,21.09375,297,58.0078125
26056,Languiñeo,3085,1337,1073,87,2,333,Más de  3.00 personas por cuarto,16,0,16,957,888,38,8,19,0,0,1,3,116,166,10.81081081081081,15.470643056849953,434,40.44734389561976
26063,Martires,778,387,287,55,1,79,Más de  3.00 personas por cuarto,8,0,8,260,243,12,1,3,1,0,0,0,27,41,9.40766550522648,14.285714285714285,141,49.12891986062718
26070,Paso de los Indios,1867,897,649,72,0,174,Más de  3.00 personas por cuarto,9,0,9,633,603,24,0,0,1,0,0,5,16,46,2.465331278890601,7.0878274268104775,255,39.29121725731895
26077,Rawson,131407,47080,41196,191,0,2880,Más de  3.00 personas por cuarto,722,115,837,39362,33940,68,186,4824,264,34,39,7,1834,2432,4.451888532867269,5.903485775317992,3908,9.48635789882513
26084,Río Senguer,5979,2605,1984,189,1,303,Más de  3.00 personas por cuarto,23,1,24,1848,1775,33,13,12,7,0,3,5,136,197,6.854838709677419,9.929435483870968,515,25.95766129032258
26091,Sarmiento,11396,3890,3262,99,2,251,Más de  3.00 personas por cuarto,86,8,94,3059,2850,20,9,157,16,0,4,3,203,255,6.223175965665236,7.817290006131208,442,13.549969343960761
26098,Tehuelches,5390,2217,1793,80,1,266,Más de  3.00 personas por cuarto,38,1,39,1717,1655,21,12,13,3,1,7,5,76,125,4.238706079196876,6.971556051310652,384,21.416620189626325
26105,Telsen,1644,882,632,85,1,175,Más de  3.00 personas por cuarto,13,0,13,591,566,17,5,1,1,0,1,0,41,65,6.487341772151899,10.284810126582279,272,43.037974683544306
30008,Colón,62160,24140,19965,1722,23,1210,Más de  3.00 personas por cuarto,318,16,334,19060,17521,62,627,744,34,18,23,31,905,1700,4.532932632106186,8.514901076884549,3243,16.24342599549211
30015,Concordia,170842,51372,47939,1442,25,4922,Más de  3.00 personas por cuarto,1085,37,1122,45511,37635,553,4167,3037,42,10,48,19,2428,7267,5.06476981163562,15.158847702288325,7461,15.563528650993971
30021,Diamante,46361,17362,14784,1254,9,1342,Más de  3.00 personas por cuarto,199,9,208,14252,13006,92,41,1061,23,0,23,6,532,717,3.5984848484848486,4.849837662337662,2795,18.905573593073594
30028,Federación,68736,21396,19378,2041,26,1680,Más de  3.00 personas por cuarto,503,35,538,18437,16629,191,427,1012,110,17,35,16,941,1737,4.856022293322324,8.963773351223036,4233,21.844359583032304
30035,Federal,25863,8637,7408,577,11,1553,Más de  3.00 personas por cuarto,168,1,169,7222,6675,278,65,154,27,0,13,10,186,579,2.510799136069114,7.815874730021598,2288,30.885529157667385
30042,Feliciano,15079,4469,3949,338,4,1012,Más de  3.00 personas por cuarto,84,1,85,3791,3322,383,28,34,11,1,11,1,158,593,4.001012914661939,15.01645986325652,1431,36.2370220308939
30049,Gualeguay,51883,18519,16153,1102,22,1479,Más de  3.00 personas por cuarto,367,3,370,15312,14217,141,145,740,35,7,24,3,841,1196,5.206463195691203,7.404197362718999,2929,18.13285457809695
30056,Gualeguaychú,109547,40374,34517,2679,28,2356,Más de  3.00 personas por cuarto,633,21,654,33277,31169,155,191,1652,27,3,74,6,1240,1696,3.5924327143146852,4.9135208737723435,5661,16.400614190109224
30063,Islas del Ibicuy,12077,4695,3445,499,8,785,Más de  3.00 personas por cuarto,61,1,62,3369,2897,55,372,13,3,3,15,11,76,535,2.2060957910014514,15.529753265602322,1338,38.8388969521045
30070,La Paz,66903,20276,18305,1255,29,3245,Más de  3.00 personas por cuarto,582,1,583,17440,16543,488,118,213,42,4,23,9,865,1549,4.725484840207594,8.462168806337067,5054,27.609942638623323
30077,Nogoya,39026,14242,12207,1370,17,1603,Más de  3.00 personas por cuarto,224,5,229,11878,11408,124,27,279,5,2,25,8,329,520,2.695174899647743,4.259850905218317,3185,26.091586794462195
30084,Paraná,339897,117433,104977,3161,49,6363,Más de  3.00 personas por cuarto,1685,38,1723,100085,85992,554,473,12720,161,28,99,58,4892,6265,4.660068395934347,5.967973937148137,11198,10.667098507292074
30088,San Salvador,17357,5877,5257,296,7,438,Más de  3.00 personas por cuarto,140,1,141,5110,4892,33,64,97,15,0,8,1,147,268,2.796271637816245,5.097964618603766,868,16.511318242343542
30091,Tala,25665,10002,8406,636,8,1125,Más de  3.00 personas por cuarto,150,0,150,8143,7785,71,38,225,8,1,11,4,263,396,3.1287175826790388,4.710920770877944,1903,22.638591482274567
30098,Uruguay,100831,36399,32631,2208,20,1790,Más de  3.00 personas por cuarto,407,19,426,31144,26931,218,702,3225,36,2,21,9,1487,2475,4.5570163341607675,7.584811988599798,4404,13.496368483956974
30105,Victoria,35767,13689,11063,786,15,1451,Más de  3.00 personas por cuarto,205,1,206,10604,9800,155,182,420,28,4,12,3,459,843,4.148965018530236,7.619994576516316,2428,21.947030642682815
30113,Villaguay,48965,16709,14726,1397,35,2208,Más de  3.00 personas por cuarto,309,5,314,14145,13084,306,83,597,24,1,25,25,581,1045,3.9454026891212823,7.09629227217167,3884,26.375118837430396
34007,Bermejo,14046,4267,3548,48,1,1879,Más de  3.00 personas por cuarto,7,0,7,3284,2022,1139,81,0,24,1,9,8,264,1526,7.440811724915446,43.01014656144307,1933,54.48139797068771
34014,Formosa,234368,64586,62598,274,21,15325,Más de  3.00 personas por cuarto,945,91,1036,58196,49909,1795,1058,4181,1187,20,46,0,4402,8508,7.032173551870667,13.591488545959935,16614,26.540784050608647
34021,Laishi,17063,5509,4538,385,6,2123,Más de  3.00 personas por cuarto,55,0,55,4360,3785,476,40,3,37,0,10,9,178,750,3.922432789775231,16.527104451300133,2557,56.34640810929925
34028,Matacos,14375,4044,3363,54,0,2213,Más de  3.00 personas por cuarto,11,0,11,3202,2815,308,29,3,36,2,4,5,161,545,4.787392209336901,16.205768658935472,2278,67.73713945881653
34035,Patiño,68581,22025,18856,366,6,10572,Más de  3.00 personas por cuarto,60,1,61,17939,14925,2591,131,14,190,8,45,35,917,3917,4.8631735256682225,20.773228680526092,10993,58.29974543911752
34042,Pilagás,18399,5842,4794,226,2,2445,Más de  3.00 personas por cuarto,18,0,18,4696,3643,1000,7,0,32,0,8,6,98,1151,2.0442219440967877,24.009178139340843,2687,56.049228201919064
34049,Pilcomayo,84980,24045,21913,915,12,8305,Más de  3.00 personas por cuarto,255,12,267,20263,17756,1936,91,133,209,1,134,3,1650,4024,7.529776844795327,18.363528499064483,9475,43.23917309359741
34056,Pirane,64566,21207,17855,567,14,8375,Más de  3.00 personas por cuarto,137,1,138,17294,15544,1455,170,24,61,4,27,9,561,2287,3.141977037244469,12.808737048445815,9066,50.77569308316998
34063,Ramón Lista,13754,2933,2796,7,1,986,Más de  3.00 personas por cuarto,7,0,7,2665,1055,1320,248,4,25,0,7,6,131,1737,4.6852646638054365,62.1244635193133,999,35.72961373390558
38007,Cochinoca,12656,5105,3373,16,1,1300,Más de  3.00 personas por cuarto,38,0,38,3035,2033,944,2,15,39,1,1,0,338,1325,10.02075303883783,39.282537800177884,1353,40.11265935369108
38014,El Carmen,97039,24230,23324,137,5,5868,Más de  3.00 personas por cuarto,906,10,916,19316,17179,752,629,80,618,8,41,9,4008,6065,17.184016463728348,26.003258446235638,6916,29.65186074429772
38021,Dr. Manuel Belgrano,265523,74662,71136,126,3,10334,Más de  3.00 personas por cuarto,1382,82,1464,63287,54775,1104,515,5579,1081,20,199,14,7849,10782,11.033794421952317,15.156882591093119,11921,16.758040935672515
38028,Humahuaca,17366,7344,4742,18,3,1606,Más de  3.00 personas por cuarto,73,1,74,4422,3791,514,19,21,57,3,8,9,320,930,6.748207507380852,19.6119780683256,1695,35.74441164065795
38035,Ledesma,81790,22153,20345,16,2,3784,Más de  3.00 personas por cuarto,545,2,547,18383,16297,728,482,644,169,7,34,22,1962,3404,9.643647087736545,16.731383632342098,4345,21.356598672892602
38042,Palpalá,52631,13840,13225,21,0,1944,Más de  3.00 personas por cuarto,353,11,364,11931,11184,139,149,249,183,2,17,8,1294,1792,9.784499054820415,13.55009451795841,2329,17.610586011342157
38049,Rinconada,2488,980,553,3,0,314,Más de  3.00 personas por cuarto,2,0,2,520,352,155,3,0,9,0,1,0,33,201,5.967450271247739,36.34719710669078,319,57.68535262206148
38056,San Antonio,4466,1795,1239,71,1,476,Más de  3.00 personas por cuarto,12,0,12,1136,969,92,51,4,12,1,4,3,103,266,8.313155770782888,21.468926553672315,558,45.036319612590795
38063,San Pedro,75030,21799,19580,103,7,5364,Más de  3.00 personas por cuarto,330,0,330,18453,16745,379,534,671,104,2,17,1,1127,2164,5.755873340143003,11.052093973442288,5790,29.57099080694586
38070,Santa Bárbara,17730,5026,4369,55,8,1594,Más de  3.00 personas por cuarto,139,0,139,3923,3411,278,185,0,25,0,11,13,446,958,10.208285648889905,21.92721446555276,1780,40.74158846417944
38077,Santa Catalina,2800,1553,846,0,0,422,Más de  3.00 personas por cuarto,4,0,4,759,452,296,1,2,4,1,3,0,87,392,10.28368794326241,46.335697399527184,426,50.35460992907801
38084,Susques,3791,1393,854,11,0,576,Más de  3.00 personas por cuarto,6,2,8,728,663,19,2,18,20,0,3,3,126,173,14.754098360655737,20.2576112412178,595,69.67213114754098
38094,Tilcara,12349,4917,3397,22,2,1328,Más de  3.00 personas por cuarto,59,0,59,2995,2541,386,13,21,24,6,2,2,402,835,11.833971151015602,24.58051221666176,1407,41.418899028554605
38098,Tumbaya,4658,1882,1284,24,0,526,Más de  3.00 personas por cuarto,21,0,21,1149,931,178,3,1,34,0,1,1,135,352,10.514018691588785,27.41433021806853,571,44.47040498442368
38105,Valle Grande,2451,1601,777,12,0,511,Más de  3.00 personas por cuarto,10,0,10,727,640,75,8,0,3,0,0,1,50,137,6.435006435006435,17.63191763191763,533,68.5971685971686
38112,Yaví,20806,7505,5625,12,0,1769,Más de  3.00 personas por cuarto,85,0,85,4793,3658,1028,3,29,70,1,3,1,832,1938,14.79111111111111,34.45333333333333,1866,33.17333333333333
42007,Atreuco,10153,4448,3586,319,2,90,Más de  3.00 personas por cuarto,21,0,21,3499,3467,3,2,13,5,0,5,4,87,106,2.426101505856107,2.9559397657557165,428,11.935303959843838
42014,Caleu Caleu,2313,1091,741,130,1,44,Más de  3.00 personas por cuarto,12,1,13,695,687,2,0,5,0,0,1,0,46,49,6.207827260458839,6.612685560053981,186,25.101214574898783
42021,Capital,105626,42716,35721,1170,3,1057,Más de  3.00 personas por cuarto,466,99,565,34884,28569,101,30,5954,87,0,122,21,837,1198,2.3431594860166287,3.353769491335629,2789,7.807732146356485
42028,Catriló,7293,2975,2389,242,1,98,Más de  3.00 personas por cuarto,26,3,29,2304,2236,16,13,16,7,0,8,8,85,137,3.557974047718711,5.734616994558393,368,15.403934700711593
42035,Conhelo,14077,6333,4996,2186,8,119,Más de  3.00 personas por cuarto,28,0,28,4893,4799,17,8,49,10,0,6,4,103,148,2.0616493194555647,2.9623698959167335,2325,46.53722978382706
42042,Curacó,1040,522,360,35,1,65,Más de  3.00 personas por cuarto,7,0,7,347,322,10,5,3,2,0,0,5,13,35,3.6111111111111107,9.722222222222223,106,29.444444444444446
42049,Chalileo,2985,1191,947,80,2,131,Más de  3.00 personas por cuarto,18,0,18,900,875,9,2,6,6,0,2,0,47,66,4.963041182682154,6.9693769799366425,227,23.970432946145724
42056,Chapaleufú,11620,4899,3984,767,3,189,Más de  3.00 personas por cuarto,53,3,56,3890,3798,11,11,45,6,0,7,12,94,141,2.359437751004016,3.5391566265060246,1009,25.326305220883533
42063,Chical Có,1502,657,474,49,0,140,Más de  3.00 personas por cuarto,17,1,18,462,450,4,2,1,2,0,2,1,12,23,2.5316455696202533,4.852320675105485,207,43.67088607594937
42070,Guatraché,8831,4008,3202,330,0,233,Más de  3.00 personas por cuarto,11,1,12,3164,3121,11,0,16,4,1,8,3,38,65,1.1867582760774515,2.0299812617114306,575,17.957526545908806
42077,Hucal,7540,3892,2908,266,2,86,Más de  3.00 personas por cuarto,6,0,6,2861,2807,25,3,10,10,0,6,0,47,91,1.6162310866574967,3.1292984869325995,356,12.242090784044017
42084,Lihuel Calel,439,378,182,93,0,17,NA,NA,NA,NA,179,173,3,1,0,0,0,2,0,3,9,1.6483516483516485,4.945054945054945,NA,NA
42091,Limay Mahuida,503,282,189,20,0,64,Más de  3.00 personas por cuarto,1,0,1,189,178,7,2,0,0,0,0,2,0,11,0,5.82010582010582,85,44.97354497354497
42098,Loventué,8619,3739,2824,238,0,214,Más de  3.00 personas por cuarto,22,0,22,2787,2739,26,2,9,5,0,6,0,37,76,1.3101983002832862,2.6912181303116145,474,16.78470254957507
42105,Maracó,59052,23201,19683,622,30,427,Más de  3.00 personas por cuarto,209,33,242,19305,17461,21,75,1639,10,0,94,5,378,583,1.9204389574759946,2.961946857694457,1261,6.4065437179291775
42112,Puelén,9468,3339,2790,111,2,306,Más de  3.00 personas por cuarto,62,11,73,2668,2446,29,26,121,35,2,5,4,122,223,4.372759856630824,7.992831541218639,488,17.491039426523297
42119,Quemú Quemú,8663,4017,3139,469,4,107,Más de  3.00 personas por cuarto,15,0,15,3083,3050,14,6,7,2,0,4,0,56,82,1.7840076457470533,2.612296909843899,587,18.700223000955717
42126,Rancul,10668,4565,3497,447,1,176,Más de  3.00 personas por cuarto,50,0,50,3408,3337,27,12,12,13,0,4,3,89,148,2.545038604518158,4.232199027738061,672,19.216471261080926
42133,Realicó,16227,6796,5472,239,0,159,Más de  3.00 personas por cuarto,51,1,52,5396,5322,11,5,43,9,0,4,2,76,107,1.3888888888888888,1.9554093567251463,450,8.223684210526317
42140,Toay,12409,5121,3836,1186,8,266,Más de  3.00 personas por cuarto,62,4,66,3743,3629,26,10,57,13,0,6,2,93,150,2.4244004171011473,3.9103232533889467,1510,39.363920750782064
42147,Trenel,5426,2526,1852,144,0,73,Más de  3.00 personas por cuarto,14,0,14,1815,1776,19,3,12,0,1,3,1,37,64,1.997840172786177,3.455723542116631,231,12.473002159827214
42154,Utracán,14839,6490,5005,375,1,206,Más de  3.00 personas por cuarto,47,4,51,4927,4715,26,7,146,15,0,9,9,78,144,1.5584415584415585,2.877122877122877,631,12.607392607392606
46007,Arauco,15418,4806,4109,112,9,946,Más de  3.00 personas por cuarto,97,6,103,3917,3728,83,13,40,44,0,6,3,192,341,4.672669749330737,8.298856169384278,1152,28.03601849598443
46014,Capital,181474,55482,49058,432,12,6290,Más de  3.00 personas por cuarto,1273,117,1390,46444,41090,603,488,3741,329,22,103,68,2614,4227,5.328386807452403,8.616331689021159,8100,16.511068531126423
46021,Castro Barros,4268,2219,1328,5,1,118,Más de  3.00 personas por cuarto,31,0,31,1302,1275,15,5,3,2,1,0,1,26,50,1.957831325301205,3.7650602409638556,153,11.521084337349398
46028,Coronel Felipe Varela,9648,3533,2617,102,3,588,Más de  3.00 personas por cuarto,42,0,42,2513,2297,102,83,15,11,0,3,2,104,305,3.9740160489109666,11.65456629728697,729,27.856324035154756
46035,Chamical,14160,4789,4058,30,0,718,Más de  3.00 personas por cuarto,86,4,90,3911,3625,56,129,71,21,4,3,2,147,362,3.62247412518482,8.920650566781665,838,20.650566781665844
46042,Chilecito,49432,15637,13300,219,18,1929,Más de  3.00 personas por cuarto,345,20,365,12640,11722,138,247,376,136,4,12,5,660,1202,4.962406015037594,9.037593984962406,2495,18.7593984962406
46049,Famatina,5863,2605,1711,25,2,251,Más de  3.00 personas por cuarto,46,1,47,1659,1391,106,155,4,1,0,2,0,52,316,3.0391583869082406,18.468731735827003,321,18.760958503798946
46056,General Angel V. Peñaloza,3073,1161,867,51,3,305,Más de  3.00 personas por cuarto,19,0,19,855,809,35,10,0,1,0,0,0,12,58,1.384083044982699,6.6897347174163775,372,42.90657439446367
46063,General Belgrano,7370,2723,2149,10,0,481,Más de  3.00 personas por cuarto,39,4,43,2077,1901,57,74,39,3,0,3,0,72,209,3.350395532805956,9.725453699395068,534,24.848766868310843
46070,General Juan F.Quiroga,4108,1456,1123,21,0,377,Más de  3.00 personas por cuarto,26,0,26,1100,960,129,5,0,6,0,0,0,23,163,2.0480854853072126,14.514692787177205,424,37.7560106856634
46077,General Lamadrid,1734,657,484,6,1,54,Más de  3.00 personas por cuarto,16,0,16,475,426,44,5,0,0,0,0,0,9,58,1.859504132231405,11.983471074380166,75,15.495867768595042
46084,General Ocampo,7145,2665,2096,30,0,602,Más de  3.00 personas por cuarto,26,0,26,2047,1841,144,43,5,11,1,1,1,49,250,2.3377862595419847,11.927480916030534,658,31.393129770992367
46091,General San Martín,4944,1633,1297,54,6,477,Más de  3.00 personas por cuarto,38,0,38,1269,1183,70,3,0,6,1,6,0,28,114,2.1588280647648417,8.789514263685428,563,43.40786430223593
46098,Vinchina,2731,1094,766,22,1,132,Más de  3.00 personas por cuarto,12,0,12,749,700,21,27,1,0,0,0,0,17,65,2.219321148825065,8.485639686684072,165,21.54046997389034
46105,Independencia,2427,868,643,6,0,332,Más de  3.00 personas por cuarto,6,0,6,629,547,42,36,0,1,0,1,2,14,96,2.177293934681182,14.930015552099535,344,53.499222395023324
46112,Rosario Vera Peñaloza,14054,4714,3924,68,7,1110,Más de  3.00 personas por cuarto,117,3,120,3794,3565,134,18,23,43,2,9,0,130,336,3.3129459734964324,8.56269113149847,1291,32.90010193679919
46119,San Blas de los Sauces,3927,1691,1087,38,2,208,Más de  3.00 personas por cuarto,22,0,22,1047,955,12,70,1,7,0,1,1,40,131,3.6798528058877644,12.051517939282428,266,24.471021159153633
46126,Sanagasta,2345,1234,622,12,0,75,Más de  3.00 personas por cuarto,19,0,19,604,549,10,44,0,1,0,0,0,18,73,2.8938906752411575,11.736334405144696,106,17.041800643086816
50007,Capital,115119,51236,39161,29,4,1411,Más de  3.00 personas por cuarto,253,36,289,36694,20810,269,227,14689,415,215,57,12,2467,3662,6.299634840785476,9.351140164960036,1725,4.404892622762442
50014,General Alvear,46429,16795,14748,367,4,2058,Más de  3.00 personas por cuarto,160,12,172,14113,13371,207,45,432,31,4,22,1,635,945,4.305668565229183,6.407648494711148,2593,17.582045023053976
50021,Godoy Cruz,192567,59827,57684,41,2,1612,Más de  3.00 personas por cuarto,882,81,963,53367,45860,485,132,6832,37,0,21,0,4317,4992,7.483877678385688,8.654046182650301,2614,4.531585881700298
50028,Guaymallén,284253,82388,79918,2424,89,4972,Más de  3.00 personas por cuarto,1611,278,1889,73594,64317,806,287,7793,284,3,93,11,6324,7808,7.91311093871218,9.770014264621237,9196,11.506794464325933
50035,Junín,37859,11073,10578,448,12,982,Más de  3.00 personas por cuarto,198,11,209,9949,9603,77,25,212,13,1,17,1,629,763,5.946303649083003,7.213083758744563,1627,15.380979391189262
50042,La Paz,10012,3114,2869,83,6,450,Más de  3.00 personas por cuarto,74,1,75,2614,2538,29,5,19,10,0,12,1,255,312,8.888114325548973,10.874869292436388,602,20.982920878354825
50049,Las Heras,202928,55584,53743,913,19,4198,Más de  3.00 personas por cuarto,1251,183,1434,49191,43562,1162,644,3713,80,1,24,5,4552,6468,8.469940271291145,12.035055728187857,6526,12.142976759764062
50056,Lavalle,36738,10187,9269,827,31,2347,Más de  3.00 personas por cuarto,226,5,231,8612,7932,536,43,81,9,0,10,1,657,1256,7.088143273276513,13.550544826842161,3374,36.400906246628544
50063,Luján de Cuyo,119812,37864,32190,2653,69,3003,Más de  3.00 personas por cuarto,525,44,569,29781,26643,962,384,1651,83,0,48,10,2409,3896,7.483690587138862,12.103137620379,6156,19.12395153774464
50070,Maipú,172259,47612,46538,3770,126,5755,Más de  3.00 personas por cuarto,930,95,1025,42504,39939,612,158,1584,179,2,24,6,4034,5015,8.668185139026171,10.77613992866045,10424,22.398899823799905
50077,Malargüe,27660,8556,7820,260,10,1365,Más de  3.00 personas por cuarto,193,33,226,7090,6369,208,42,418,41,3,9,0,730,1033,9.335038363171355,13.209718670076725,1841,23.542199488491047
50084,Rivadavia,56373,17196,15884,1010,20,1746,Más de  3.00 personas por cuarto,292,3,295,14974,14097,237,70,517,35,0,16,2,910,1270,5.7290355074288595,7.995467136741374,3031,19.08209519012843
50091,San Carlos,32631,9664,8985,833,26,1520,Más de  3.00 personas por cuarto,142,22,164,8430,7906,154,39,265,49,1,16,0,555,814,6.176961602671119,9.05954368391764,2491,27.723984418475233
50098,San Martín,118234,34216,32725,1666,49,4168,Más de  3.00 personas por cuarto,582,51,633,30558,28111,582,331,1393,119,0,15,7,2167,3221,6.621848739495799,9.842627960275019,6418,19.611917494270436
50105,San Rafael,187997,64108,56372,1956,33,7629,Más de  3.00 personas por cuarto,757,119,876,54360,49080,978,70,4010,149,14,49,10,2012,3282,3.569147803874264,5.822039310295891,10428,18.49854537713759
50112,Santa Rosa,16374,5087,4438,778,26,752,Más de  3.00 personas por cuarto,79,1,80,4205,4031,74,44,20,8,0,17,11,233,387,5.250112663361875,8.7201442091032,1584,35.69175304191077
50119,Tunuyán,49458,14639,13538,925,32,1559,Más de  3.00 personas por cuarto,308,71,379,12690,11363,246,218,650,181,6,21,5,848,1525,6.263849903973999,11.26458856551928,2831,20.91150834687546
50126,Tupungato,32524,8910,8530,684,25,1586,Más de  3.00 personas por cuarto,225,55,280,7838,6984,169,24,394,244,2,20,1,692,1152,8.112543962485345,13.5052754982415,2525,29.601406799531066
54007,Apóstoles,42249,12801,11556,632,12,2578,Más de  3.00 personas por cuarto,98,7,105,11057,9318,178,1236,214,93,8,9,1,499,2024,4.3181031498788505,17.5147109726549,3303,28.582554517133957
54014,Cainguás,53403,15491,14387,1555,10,6909,Más de  3.00 personas por cuarto,79,4,83,13998,13233,355,150,77,147,1,32,3,389,1077,2.7038298463891013,7.485924793216098,8537,59.33829151317161
54021,Candelaria,27040,8243,7299,445,9,2452,Más de  3.00 personas por cuarto,76,1,77,6903,6435,155,264,3,29,0,12,5,396,861,5.425400739827373,11.796136457048911,2965,40.62200301411153
54028,Capital,324237,100700,92882,2542,103,12403,Más de  3.00 personas por cuarto,1478,67,1545,88193,71286,1440,2699,11442,1042,29,250,5,4689,10154,5.048340905665253,10.932150470489438,16387,17.642815615512156
54035,Concepción,9577,3077,2584,196,2,819,Más de  3.00 personas por cuarto,18,0,18,2552,2206,218,107,0,6,0,3,12,32,378,1.238390092879257,14.628482972136222,1031,39.89938080495356
54042,El Dorado,78224,23598,21651,779,7,5969,Más de  3.00 personas por cuarto,126,0,126,21091,18729,336,729,867,365,8,49,8,560,2055,2.5864856126737794,9.491478453651101,6867,31.71677982541222
54049,General Manuel Belgrano,42902,11914,11042,1732,14,4939,Más de  3.00 personas por cuarto,36,0,36,10435,8943,900,451,25,69,3,16,28,607,2074,5.497192537583771,18.78282919760913,6693,60.6140191994204
54056,Guaraní,67897,19475,17789,2593,16,10128,Más de  3.00 personas por cuarto,50,2,52,17382,15848,558,624,179,120,1,49,3,407,1762,2.287930743718028,9.904997470346844,12757,71.7128562594862
54063,Iguazú,82227,23305,21466,1600,40,6025,Más de  3.00 personas por cuarto,243,12,255,20617,17418,652,1140,942,394,10,48,13,849,3106,3.9550917730364294,14.469393459424207,7840,36.522873381160906
54070,Leandro N. Alem,45075,14156,13063,1290,14,4656,Más de  3.00 personas por cuarto,68,3,71,12731,11714,245,393,208,147,2,20,2,332,1141,2.541529510832121,8.734593891142922,6003,45.95422184796754
54077,Libertador General San Martín,46561,14088,12751,1092,8,3425,Más de  3.00 personas por cuarto,103,8,111,12500,11259,230,498,358,118,3,31,3,251,1134,1.968473060936397,8.89342012391185,4620,36.23245235667791
54084,Montecarlo,36745,10746,9805,1024,22,3142,Más de  3.00 personas por cuarto,90,1,91,9513,8777,382,118,124,79,2,20,11,292,904,2.978072412034676,9.219785823559407,4235,43.192248852626214
54091,Oberá,107495,33062,30024,2311,21,9976,Más de  3.00 personas por cuarto,198,30,228,29280,25562,1069,487,1536,494,0,125,7,744,2926,2.478017585931255,9.745536903810285,12494,41.61337596589395
54098,San Ignacio,57728,16931,15532,1155,22,5024,Más de  3.00 personas por cuarto,135,4,139,14851,13037,436,1143,90,90,6,42,7,681,2405,4.384496523306722,15.484161730620654,6296,40.53566829770796
54105,San Javier,20906,6056,5714,482,6,2399,Más de  3.00 personas por cuarto,39,1,40,5412,4895,239,203,39,24,2,8,2,302,780,5.285264263213161,13.650682534126707,2915,51.015050752537626
54112,San Pedro,31051,8430,7665,679,8,4674,Más de  3.00 personas por cuarto,28,1,29,7413,6707,353,211,31,77,1,13,20,252,927,3.287671232876712,12.093933463796477,5374,70.11089367253751
54119,25 de Mayo,27754,7976,7529,1378,2,4064,Más de  3.00 personas por cuarto,5,0,5,7347,6926,201,184,11,7,0,16,2,182,592,2.417319697170939,7.8629300039845935,5445,72.32036126975694
58007,Aluminé,8306,3537,2432,357,9,401,Más de  3.00 personas por cuarto,42,6,48,2337,2007,151,75,60,32,1,8,3,95,365,3.90625,15.008223684210526,797,32.77138157894737
58014,Añelo,10786,3990,3238,245,13,484,Más de  3.00 personas por cuarto,141,5,146,3126,2713,111,142,62,78,14,4,2,112,463,3.4589252625077207,14.29894996911674,862,26.621371216800494
58021,Catan Lil,2155,763,661,115,3,292,Más de  3.00 personas por cuarto,14,0,14,640,586,38,5,3,5,0,2,1,21,72,3.177004538577912,10.892586989409985,418,63.2375189107413
58028,Collón Curá,4532,1613,1316,52,1,191,Más de  3.00 personas por cuarto,39,4,43,1293,1201,20,4,41,24,2,1,0,23,74,1.7477203647416413,5.623100303951368,285,21.656534954407295
58035,Confluencia,362446,125443,115971,1830,63,7312,Más de  3.00 personas por cuarto,2373,338,2711,108242,89029,625,2028,15380,934,50,133,63,7729,11562,6.664597183778703,9.969733812763536,11790,10.166334687120056
58042,Chos Malal,15256,5523,4600,102,1,395,Más de  3.00 personas por cuarto,113,27,140,4442,3823,126,16,407,58,0,9,3,158,370,3.4347826086956523,8.043478260869565,636,13.826086956521738
58049,Huiliches,14725,4807,4222,210,3,528,Más de  3.00 personas por cuarto,96,11,107,4019,3427,88,155,322,19,1,4,3,203,473,4.808147797252487,11.203221222169587,842,19.943154902889624
58056,Lacar,29748,11321,9155,413,7,531,Más de  3.00 personas por cuarto,157,7,164,8590,7057,124,116,1157,119,7,8,2,565,941,6.1714909885308575,10.278536318951392,1101,12.026215182960131
58063,Loncopué,6925,2336,2000,97,7,402,Más de  3.00 personas por cuarto,99,1,100,1870,1645,121,26,45,22,1,4,6,130,310,6.5,15.5,592,29.599999999999998
58070,Los Lagos,11998,4885,3623,322,2,196,Más de  3.00 personas por cuarto,30,3,33,3473,3181,45,66,148,14,2,7,10,150,294,4.140215291195142,8.11482197074248,549,15.15318796577422
58077,Minas,7234,2654,2195,264,8,303,Más de  3.00 personas por cuarto,50,5,55,1978,1841,63,6,33,28,1,3,3,217,321,9.88610478359909,14.624145785876994,614,27.97266514806378
58084,Ñorquín,4692,1964,1380,102,5,292,Más de  3.00 personas por cuarto,35,1,36,1267,1121,104,8,26,4,0,3,1,113,233,8.18840579710145,16.884057971014492,425,30.79710144927536
58091,Pehuenches,24087,8565,7196,29,1,663,Más de  3.00 personas por cuarto,231,30,261,6742,5671,142,216,438,243,7,11,14,454,1087,6.309060589216231,15.105614230127848,952,13.229571984435799
58098,Picún Leufú,4578,1796,1461,134,4,302,Más de  3.00 personas por cuarto,39,0,39,1428,1342,17,11,32,17,1,6,2,33,87,2.2587268993839835,5.95482546201232,471,32.238193018480494
58105,Picunches,7022,2489,1979,70,1,319,Más de  3.00 personas por cuarto,99,1,100,1915,1793,49,22,39,8,0,4,0,64,147,3.233956543708944,7.4279939363314815,488,24.658918645780698
58112,Zapala,36549,12047,10735,77,4,1117,Más de  3.00 personas por cuarto,330,15,345,10263,9124,101,135,689,188,5,21,0,472,922,4.396832789939451,8.588728458313927,1535,14.299021891010714
62007,Adolfo Alsina,57857,22766,18384,557,7,1146,Más de  3.00 personas por cuarto,374,17,391,17824,13467,36,326,3894,63,2,24,12,560,1023,3.0461270670147953,5.564621409921671,2087,11.352262837249782
62014,Avellaneda,35323,12239,10549,599,12,1065,Más de  3.00 personas por cuarto,317,22,339,10165,9264,95,60,522,176,5,40,3,384,763,3.6401554649729837,7.232913072329131,1991,18.873826903023982
62021,Bariloche,133315,50455,41892,2412,28,3175,Más de  3.00 personas por cuarto,461,73,534,40054,31106,498,1955,6243,128,68,32,24,1838,4543,4.387472548457939,10.844552659218945,6093,14.54454311085649
62028,Conesa,7069,2758,2254,221,3,313,Más de  3.00 personas por cuarto,19,2,21,2179,2052,20,64,18,12,0,9,4,75,184,3.3274179236912156,8.16326530612245,552,24.489795918367346
62035,El Cuy,5280,2686,1869,329,10,782,Más de  3.00 personas por cuarto,47,3,50,1748,1579,89,45,21,8,0,4,2,121,269,6.474050294275013,14.392723381487427,1151,61.58373461744249
62042,General Roca,321455,111393,99608,4242,110,9587,Más de  3.00 personas por cuarto,1916,196,2112,95390,79246,1135,1190,12950,677,12,161,19,4218,7412,4.234599630551763,7.441169383985222,15831,15.8933017428319
62049,9 de Julio,3475,1417,1123,37,3,390,Más de  3.00 personas por cuarto,29,0,29,979,915,48,10,1,3,0,1,1,144,207,12.822796081923418,18.432769367764916,453,40.338379341050754
62056,Ñorquinco,1736,747,637,53,0,363,Más de  3.00 personas por cuarto,6,0,6,455,424,12,18,0,1,0,0,0,182,213,28.57142857142857,33.437990580847725,422,66.2480376766091
62063,Pichi Mahuída,14076,5774,4687,337,4,395,Más de  3.00 personas por cuarto,60,0,60,4587,4338,29,10,184,13,1,9,3,100,165,2.1335609131640707,3.5203755067207165,788,16.81245999573288
62070,Pilnaniyeu,7428,2971,2360,267,4,482,Más de  3.00 personas por cuarto,20,1,21,2242,2096,30,76,28,6,0,4,2,118,236,5,10,766,32.45762711864407
62077,San Antonio,29284,15346,9230,31,0,631,Más de  3.00 personas por cuarto,172,50,222,8837,7545,30,37,1116,58,2,38,11,393,569,4.257854821235103,6.164680390032503,884,9.577464788732394
62084,Valcheta,7101,2549,2053,61,0,499,Más de  3.00 personas por cuarto,28,0,28,1973,1887,43,20,16,4,0,3,0,80,150,3.896736483195324,7.306380905991232,588,28.641013151485627
62091,25 de Mayo,15743,5508,4673,72,0,1257,Más de  3.00 personas por cuarto,123,3,126,4511,4260,130,11,71,23,2,12,2,162,342,3.4667237320778943,7.318638989942221,1455,31.136315001069974
66007,Anta,57411,14847,13688,348,12,4248,Más de  3.00 personas por cuarto,333,2,335,12489,10465,923,839,36,103,16,38,69,1199,3187,8.759497369959087,23.283167738164817,4919,35.93658679135009
66014,Cachi,7315,2422,1811,137,6,510,Más de  3.00 personas por cuarto,35,2,37,1704,1293,349,2,14,41,4,1,0,107,504,5.908337934842629,27.829928216454995,678,37.43787962451684
66021,Cafayate,14850,3553,3555,53,2,469,Más de  3.00 personas por cuarto,188,2,190,2883,2629,105,22,50,65,3,4,5,672,876,18.90295358649789,24.641350210970465,710,19.971870604781998
66028,Capital,536527,136697,137120,295,7,17198,Más de  3.00 personas por cuarto,3510,174,3684,120967,99246,1445,1694,16461,1860,52,169,40,16153,21413,11.780192532088682,15.616248541423571,21170,15.439031505250874
66035,Cerrillos,35789,9242,8505,247,21,2708,Más de  3.00 personas por cuarto,260,1,261,7549,6725,233,428,7,136,1,18,1,956,1773,11.24044679600235,20.84656084656085,3195,37.56613756613756
66042,Chicoana,20710,4993,4949,165,10,1558,Más de  3.00 personas por cuarto,172,0,172,4055,3772,117,69,3,78,2,12,2,894,1174,18.06425540513235,23.721964033138008,1885,38.0885027278238
66049,General Güemes,47226,12222,11562,97,3,2754,Más de  3.00 personas por cuarto,295,2,297,10540,9946,179,138,139,113,2,15,8,1022,1477,8.839301158969036,12.77460646946895,3145,27.201176267081824
66056,General José de San Martín,156513,39928,37807,114,10,12065,Más de  3.00 personas por cuarto,542,1,543,34442,27767,2933,2779,675,157,10,65,56,3365,9365,8.900468167270612,24.770545137143916,12712,33.6234030735049
66063,Guachipas,3187,1191,906,41,1,258,Más de  3.00 personas por cuarto,26,0,26,849,706,123,9,0,6,1,1,3,57,200,6.291390728476822,22.075055187637968,324,35.76158940397351
66070,Iruya,5987,2550,1504,30,0,766,Más de  3.00 personas por cuarto,16,0,16,1366,1004,298,28,0,23,3,5,5,138,500,9.175531914893616,33.244680851063826,812,53.98936170212766
66077,La Caldera,7763,2578,2088,181,5,395,Más de  3.00 personas por cuarto,58,0,58,1846,1709,89,30,2,7,0,7,2,242,377,11.590038314176246,18.055555555555554,629,30.124521072796934
66084,La Candelaria,5704,1751,1469,46,2,540,Más de  3.00 personas por cuarto,38,0,38,1366,1246,86,21,0,4,1,6,2,103,223,7.011572498298162,15.180394826412524,622,42.341729067392784
66091,La Poma,1738,621,423,9,0,176,Más de  3.00 personas por cuarto,7,0,7,365,265,89,3,2,6,0,0,0,58,156,13.711583924349883,36.87943262411347,192,45.39007092198582
66098,La Viña,7435,2155,1869,64,2,685,Más de  3.00 personas por cuarto,52,0,52,1465,1331,81,24,1,22,0,5,1,404,537,21.615837346174423,28.731942215088285,799,42.75013376136972
66105,Los Andes,6050,1796,1250,19,0,569,Más de  3.00 personas por cuarto,32,0,32,1110,924,134,29,1,16,2,3,1,140,325,11.200000000000001,26,620,49.6
66112,Metán,40351,10983,10128,140,2,1927,Más de  3.00 personas por cuarto,193,0,193,9312,8255,389,525,50,39,2,20,32,816,1823,8.056872037914692,17.99960505529226,2258,22.294628751974724
66119,Molinos,5652,1551,1191,51,0,198,Más de  3.00 personas por cuarto,15,0,15,1105,484,615,0,1,2,2,1,0,86,706,7.220822837951301,59.277917716204875,264,22.16624685138539
66126,Orán,138862,33365,31875,168,8,8432,Más de  3.00 personas por cuarto,656,4,660,29475,22198,2456,3698,701,322,17,58,25,2400,8976,7.529411764705881,28.16,9252,29.025882352941178
66133,Rivadavia,30357,7901,7154,121,17,3041,Más de  3.00 personas por cuarto,59,0,59,6659,3711,2412,465,0,37,3,12,19,495,3443,6.919206038579816,48.126922001677386,3204,44.78613363153481
66140,Rosario de la Frontera,28993,8407,7803,177,4,1926,Más de  3.00 personas por cuarto,139,1,140,7029,6640,119,158,34,50,2,7,19,774,1129,9.91926182237601,14.46879405356914,2239,28.694092015891325
66147,Rosario de Lerma,38702,10398,8968,302,5,2371,Más de  3.00 personas por cuarto,271,3,274,8117,7182,458,166,148,151,1,11,0,851,1638,9.489295272078502,18.26494201605709,2942,32.80553077609277
66154,San Carlos,7016,2108,1652,56,1,488,Más de  3.00 personas por cuarto,36,1,37,1415,1169,221,2,1,16,1,5,0,237,482,14.346246973365616,29.176755447941886,580,35.1089588377724
66161,Santa Victoria,10344,3927,2545,36,0,1376,Más de  3.00 personas por cuarto,13,0,13,2428,1807,579,12,3,24,0,3,0,117,735,4.597249508840864,28.880157170923383,1425,55.992141453831046
70007,Albardón,23888,6207,5863,109,4,1167,Más de  3.00 personas por cuarto,227,1,228,5396,4775,513,79,18,4,1,6,0,467,1070,7.965205526181136,18.250042640286544,1500,25.584171925635342
70014,Angaco,8125,2226,2015,80,1,482,Más de  3.00 personas por cuarto,53,0,53,1878,1600,241,32,1,0,0,4,0,137,414,6.799007444168735,20.54590570719603,614,30.47146401985112
70021,Calingasta,8588,2915,2117,85,4,325,Más de  3.00 personas por cuarto,45,1,46,2016,1562,411,15,19,4,1,4,0,101,536,4.7709022201228155,25.31884742560227,452,21.35096835144072
70028,Capital,108902,39218,33981,17,0,1270,Más de  3.00 personas por cuarto,394,20,414,31869,24532,482,64,6679,56,10,46,0,2112,2770,6.215237927076895,8.151614137312027,1701,5.005738500926989
70035,Caucete,38343,9682,9452,187,5,1116,Más de  3.00 personas por cuarto,318,4,322,8852,7436,1291,56,33,25,0,10,1,600,1983,6.347862886161659,20.979686838764284,1620,17.139229792636478
70042,Chimbas,87344,20160,20842,556,48,2876,Más de  3.00 personas por cuarto,808,30,838,19267,17799,641,108,553,80,0,86,0,1575,2490,7.556856347759331,11.947030035505229,4222,20.257173016025334
70049,Iglesia,9099,2640,1753,33,3,408,Más de  3.00 personas por cuarto,43,0,43,1680,1448,215,3,2,7,1,2,2,73,303,4.1642897889332575,17.28465487735311,481,27.438676554478036
70056,Jáchal,21730,6343,5365,175,6,1107,Más de  3.00 personas por cuarto,72,0,72,4996,4476,478,10,19,9,1,2,1,369,870,6.877912395153775,16.216216216216218,1348,25.125815470643058
70063,9 de julio,9307,2363,2221,157,4,424,Más de  3.00 personas por cuarto,53,0,53,2065,1655,382,20,5,0,0,3,0,156,561,7.023863124718595,25.258892390814946,630,28.365601080594327
70070,Pocito,53162,13852,13154,853,22,2086,Más de  3.00 personas por cuarto,362,5,367,12075,10051,1817,127,49,18,0,13,0,1079,3054,8.202828037098982,23.217272312604532,3284,24.965789873802645
70077,Rawson,114417,29422,29541,483,3,2209,Más de  3.00 personas por cuarto,1128,46,1174,26769,23036,1022,305,2291,103,0,12,0,2772,4214,9.383568599573474,14.264919941775837,3863,13.076740800920755
70084,Rivadavia,82572,22660,21898,27,0,1590,Más de  3.00 personas por cuarto,401,29,430,20673,17581,625,80,2319,48,0,20,0,1225,1998,5.594118184309069,9.124120924285323,2047,9.347885651657686
70091,San Martín,11115,2790,2675,128,4,445,Más de  3.00 personas por cuarto,68,1,69,2477,2154,296,16,2,2,1,6,0,198,519,7.401869158878505,19.401869158878505,638,23.850467289719628
70098,Santa Lucía,48157,12943,12726,97,0,1177,Más de  3.00 personas por cuarto,427,11,438,11324,9978,478,163,694,11,0,0,0,1402,2054,11.016815967311016,16.14018544711614,1712,13.452773848813454
70105,Sarmiento,22131,5586,5224,270,15,1540,Más de  3.00 personas por cuarto,146,1,147,4830,4293,466,32,16,12,1,9,1,394,915,7.542113323124043,17.51531393568147,1942,37.17457886676876
70112,Ullum,4886,1537,1230,75,3,199,Más de  3.00 personas por cuarto,32,0,32,1189,1005,168,10,0,0,0,5,1,41,225,3.3333333333333335,18.29268292682927,303,24.634146341463413
70119,Valle Fértil,7222,2453,1868,46,0,486,Más de  3.00 personas por cuarto,51,0,51,1792,1684,69,3,19,9,3,2,3,76,165,4.068522483940043,8.832976445396145,583,31.209850107066384
70126,25 de Mayo,17119,4178,3973,279,5,773,Más de  3.00 personas por cuarto,93,3,96,3704,2847,803,28,4,6,0,13,3,269,1122,6.770702240120816,28.240624213440725,1143,28.769192046312607
70133,Zonda,4863,1480,1196,52,0,134,Más de  3.00 personas por cuarto,36,0,36,1101,952,128,20,0,1,0,0,0,95,244,7.94314381270903,20.401337792642142,222,18.561872909698995
74007,Ayacucho,19087,6730,5534,118,4,1465,Más de  3.00 personas por cuarto,94,7,101,5261,4955,177,16,46,49,1,12,5,273,533,4.93314058547163,9.63136971449223,1680,30.357788218286952
74014,Belgrano,3985,2091,1294,105,3,587,Más de  3.00 personas por cuarto,19,0,19,1246,1165,51,18,2,4,4,1,1,48,127,3.7094281298299845,9.8145285935085,708,54.71406491499228
74021,Coronel Pringles,13157,5652,4055,188,4,588,Más de  3.00 personas por cuarto,60,4,64,3862,3629,125,24,43,20,1,12,8,193,383,4.759556103575832,9.445129469790382,836,20.61652281134402
74028,Chacabuco,20744,7833,6417,211,5,752,Más de  3.00 personas por cuarto,106,7,113,6218,5950,87,30,77,50,2,17,5,199,390,3.10113760324139,6.077606358111267,1071,16.690042075736326
74035,General Pedernera,125772,39486,36891,1098,19,3500,Más de  3.00 personas por cuarto,564,47,611,35105,30663,200,208,3821,112,2,80,19,1786,2407,4.841289203328725,6.524626602694424,5190,14.068471985037
74042,Gobernador Dupuy,11779,4249,3508,421,6,533,Más de  3.00 personas por cuarto,85,3,88,3394,3216,59,41,33,18,0,13,14,114,259,3.249714937286203,7.3831242873432155,1036,29.532497149372862
74049,Junín,28933,11960,9033,209,13,775,Más de  3.00 personas por cuarto,149,19,168,8638,7950,86,23,458,57,15,25,24,395,625,4.372855086903575,6.919074504594265,1139,12.609321377172588
74056,La Capital,204040,62166,58541,187,6,3571,Más de  3.00 personas por cuarto,1125,369,1494,54055,45438,182,172,7801,329,19,104,10,4486,5302,7.663005415008286,9.05690029210297,5246,8.961240839753335
74063,Libertador General San Martín,4707,1882,1530,130,4,790,Más de  3.00 personas por cuarto,16,0,16,1458,1275,166,2,1,7,0,7,0,72,254,4.705882352941177,16.60130718954248,932,60.91503267973856
78007,Corpen Aike,11093,4196,3481,49,0,247,Más de  3.00 personas por cuarto,47,17,64,3299,3061,23,28,159,16,3,8,1,182,261,5.2283826486641765,7.497845446710716,360,10.341855788566503
78014,Deseado,104720,36080,31069,192,8,1801,Más de  3.00 personas por cuarto,725,178,903,28573,24456,133,166,3104,631,14,60,9,2496,3509,8.033731372107244,11.294216099649168,2888,9.295439183752293
78021,Güer Aike,113249,38278,33856,448,12,1507,Más de  3.00 personas por cuarto,662,122,784,32138,27124,192,306,4190,253,20,49,4,1718,2542,5.074432892249527,7.508270321361059,2727,8.054702268431003
78028,Lago Argentino,18864,6806,5512,113,0,184,Más de  3.00 personas por cuarto,119,50,169,5136,3864,46,128,937,118,2,19,22,376,711,6.821480406386067,12.899129172714078,466,8.454281567489115
78035,Lago Buenos Aires,8750,3228,2571,100,2,220,Más de  3.00 personas por cuarto,46,6,52,2432,2270,19,14,91,26,1,4,7,139,210,5.4064566316608325,8.168028004667445,370,14.391287436795022
78042,Magallanes,9202,3419,2807,28,0,218,Más de  3.00 personas por cuarto,22,3,25,2664,2524,50,12,55,22,0,1,0,143,228,5.09440684004275,8.122550765942286,271,9.654435340220877
78049,Río Chico,5158,1874,1429,82,0,96,Más de  3.00 personas por cuarto,60,5,65,1371,1257,26,4,64,13,1,4,2,58,108,4.058782365290413,7.557732680195942,243,17.00489853044087
82007,Belgrano,44788,16082,14481,1489,34,1251,Más de  3.00 personas por cuarto,160,6,166,13675,13312,20,12,240,53,2,23,13,806,929,5.565913956218493,6.41530281057938,2872,19.832884469304606
82014,Caseros,82100,32510,27951,3196,23,1720,Más de  3.00 personas por cuarto,277,6,283,26764,25788,146,73,670,46,8,26,7,1187,1493,4.246717469857965,5.341490465457407,5176,18.518120997459842
82021,Castellanos,178095,62458,56564,9471,112,6331,Más de  3.00 personas por cuarto,747,35,782,53676,50854,94,139,2318,163,44,59,5,2888,3392,5.105720953256488,5.996747047592108,16472,29.120995686302244
82028,Constitución,86910,30390,27693,1001,12,2254,Más de  3.00 personas por cuarto,371,10,381,26090,24851,198,237,707,41,2,47,7,1603,2135,5.788466399451124,7.709529483985122,3624,13.086339508178963
82035,Garay,20890,7389,5860,1263,32,1760,Más de  3.00 personas por cuarto,134,1,135,5571,5162,312,51,21,13,1,4,7,289,677,4.931740614334471,11.552901023890785,3126,53.34470989761092
82042,General López,190985,74256,64360,16026,307,6549,Más de  3.00 personas por cuarto,665,8,673,61865,59949,317,85,1226,163,5,93,27,2495,3185,3.8766314481044124,4.948725916718458,22941,35.644810441267865
82049,General Obligado,176336,51437,49934,5655,125,9314,Más de  3.00 personas por cuarto,957,111,1068,45652,40212,1946,192,3015,195,14,56,22,4282,6707,8.575319421636559,13.43172988344615,15912,31.866063203428524
82056,Iriondo,66675,26030,21896,1614,25,1827,Más de  3.00 personas por cuarto,221,2,223,21042,20208,115,61,597,32,3,24,2,854,1091,3.9002557544757033,4.982645232005846,3639,16.619473876507122
82063,La Capital,524628,182841,164701,11886,262,20116,Más de  3.00 personas por cuarto,2488,120,2608,152126,128495,1180,738,21333,185,64,105,26,12575,14873,7.635047753201256,9.030303398279306,34348,20.854761051845465
82070,Las Colonias,104946,40178,34327,4294,49,2417,Más de  3.00 personas por cuarto,325,11,336,33040,31803,122,84,916,52,10,49,4,1287,1608,3.74923529583127,4.6843592507355725,6998,20.386284848661404
82077,9 de Julio,29832,10552,8744,1364,16,4334,Más de  3.00 personas por cuarto,39,1,40,8412,8098,161,59,26,41,3,9,15,332,620,3.7968892955169262,7.0905763952424525,5722,65.43915827996341
82084,Rosario,1192377,434485,392294,13539,267,37359,Más de  3.00 personas por cuarto,5457,447,5904,347350,256162,4474,6936,77971,799,425,520,63,44944,58161,11.456713587258536,14.825870393123525,56535,14.411385338547111
82091,San Cristobal,68878,25236,21776,9680,116,5087,Más de  3.00 personas por cuarto,171,1,172,20771,20365,108,44,150,51,2,43,8,1005,1261,4.615172667156502,5.7907788390889054,14823,68.07035268185157
82098,San Javier,30959,10618,9103,831,8,2057,Más de  3.00 personas por cuarto,148,0,148,8737,7665,960,9,61,30,2,9,1,366,1377,4.020652532132265,15.126881247940238,3028,33.26375920026365
82105,San Jerónimo,80824,30121,25662,2026,51,3294,Más de  3.00 personas por cuarto,307,5,312,24356,23514,301,133,321,33,7,33,14,1306,1827,5.089237004130622,7.1194762684124395,5581,21.748110045982386
82112,San Justo,40904,15278,13113,839,16,1664,Más de  3.00 personas por cuarto,208,1,209,12487,12106,75,38,228,19,0,18,3,626,779,4.77388850758789,5.940669564554259,2696,20.55974986654465
82119,San Lorenzo,157255,52180,48350,1718,24,4791,Más de  3.00 personas por cuarto,818,25,843,44502,41881,246,465,1745,89,10,52,14,3848,4724,7.9586349534643235,9.770423991726991,7328,15.156153050672183
82126,San Martín,63842,24541,21473,5220,64,2196,Más de  3.00 personas por cuarto,140,3,143,20787,20451,40,43,158,56,4,33,2,686,864,3.1947096353560287,4.023657616541704,7495,34.904298421273225
82133,Vera,51494,17069,14756,708,6,4535,Más de  3.00 personas por cuarto,220,6,226,13956,12947,572,243,112,50,2,20,10,800,1697,5.421523448088913,11.500406614258607,5463,37.02222824613716
86007,Aguirre,7610,2655,2087,65,2,915,Más de  3.00 personas por cuarto,11,0,11,2023,1741,238,21,3,7,1,8,4,64,343,3.0666027791087687,16.43507426928606,989,47.38859607091519
86014,Alberdi,17252,4048,3980,168,4,2236,Más de  3.00 personas por cuarto,18,0,18,3456,2577,837,12,0,23,1,3,3,524,1403,13.165829145728644,35.25125628140703,2418,60.7537688442211
86021,Atamisqui,10923,3122,2520,7,0,1747,Más de  3.00 personas por cuarto,4,0,4,2454,1978,464,7,0,2,1,0,2,66,542,2.619047619047619,21.50793650793651,1758,69.76190476190476
86028,Avellaneda,20763,5177,4897,166,7,2143,Más de  3.00 personas por cuarto,29,0,29,3897,2692,1143,40,0,7,2,13,0,1000,2205,20.420665713702267,45.0275678987135,2331,47.60057177863998
86035,Banda,142438,38982,35295,282,5,11450,Más de  3.00 personas por cuarto,355,20,375,33587,30314,1979,282,894,72,0,37,9,1708,4087,4.839212353024508,11.579543844737215,12102,34.28814279643009
86042,Belgrano,9243,2617,2473,456,3,1051,Más de  3.00 personas por cuarto,17,0,17,2157,2005,47,27,7,17,2,20,32,316,461,12.778002426202992,18.64132632430247,1521,61.50424585523655
86049,Capital,266312,78196,68574,176,34,13993,Más de  3.00 personas por cuarto,747,0,747,64567,57185,1946,931,4307,65,59,64,10,4007,7082,5.8433225420713395,10.327529384314754,14882,21.70210283781025
86056,Copo,31404,8435,7522,71,1,3732,Más de  3.00 personas por cuarto,32,0,32,6659,5103,1443,73,0,11,2,7,20,863,2419,11.473012496676416,32.15900026588673,3834,50.97048657272002
86063,Choya,34667,11034,9465,79,0,2412,Más de  3.00 personas por cuarto,171,1,172,9030,8282,681,21,22,14,2,2,6,435,1161,4.595879556259905,12.266244057052297,2663,28.135235076597993
86070,Figueroa,17820,4290,4084,49,2,1119,Más de  3.00 personas por cuarto,14,0,14,3709,1303,2391,7,0,1,0,0,7,375,2781,9.182174338883447,68.09500489715965,1180,28.89324191968658
86077,General Taboada,38105,9957,9073,383,10,4034,Más de  3.00 personas por cuarto,72,0,72,8319,6979,1258,28,10,14,8,8,14,754,2084,8.31037143172049,22.96924942136008,4479,49.3662515154855
86084,Guasayán,7602,2338,1950,34,1,843,Más de  3.00 personas por cuarto,13,0,13,1795,1390,379,8,0,3,0,3,12,155,560,7.948717948717948,28.717948717948715,889,45.58974358974359
86091,Jiménez,14352,2886,3586,196,10,2104,Más de  3.00 personas por cuarto,46,0,46,2019,1789,203,14,0,4,1,2,6,1567,1797,43.69771332961517,50.11154489682097,2336,65.14221974344674
86098,Juan F. Ibarra,18051,4444,4180,99,1,1848,Más de  3.00 personas por cuarto,15,2,17,3785,2581,1173,13,1,4,0,13,0,395,1598,9.449760765550238,38.229665071770334,1963,46.961722488038276
86105,Loreto,20036,5248,4782,44,5,1945,Más de  3.00 personas por cuarto,37,0,37,4418,3601,760,4,36,5,8,4,0,364,1145,7.611877875365956,23.943956503554997,2021,42.26265161020494
86112,Mitre,1890,644,536,17,0,188,NA,NA,NA,NA,521,199,321,1,0,0,0,0,0,15,337,2.798507462686567,62.873134328358205,NA,NA
86119,Moreno,32130,7174,7467,221,19,2954,Más de  3.00 personas por cuarto,92,0,92,6013,4593,1320,39,3,25,0,12,21,1454,2871,19.4723449845989,38.44917637605464,3248,43.49805812240525
86126,Ojo de agua,14008,4371,3784,335,10,1929,Más de  3.00 personas por cuarto,28,0,28,3471,3198,231,11,12,8,1,9,1,313,574,8.271670190274842,15.169133192389006,2282,60.30655391120507
86133,Pelegrini,20514,6286,5296,80,0,3457,Más de  3.00 personas por cuarto,22,0,22,4703,4084,557,32,2,13,3,6,6,593,1210,11.19712990936556,22.847432024169184,3559,67.20166163141994
86140,Quebrachos,10568,3206,2807,55,1,989,Más de  3.00 personas por cuarto,25,0,25,2599,2028,539,13,3,11,2,3,0,208,776,7.410046312789455,27.64517278232989,1068,38.04773779836124
86147,Río Hondo,54867,15181,13567,741,30,6145,Más de  3.00 personas por cuarto,150,13,163,11432,10680,394,66,242,26,1,15,8,2135,2645,15.736714085649,19.495835483157663,7019,51.73582958649665
86154,Rivadavia,5015,1733,1468,525,0,408,Más de  3.00 personas por cuarto,12,0,12,1379,1334,30,2,1,8,0,3,1,89,133,6.062670299727521,9.059945504087194,945,64.3732970027248
86161,Robles,44415,11112,10609,146,5,4979,Más de  3.00 personas por cuarto,165,0,165,9201,8511,532,40,26,34,1,13,44,1408,2072,13.27175040060326,19.53058723725139,5285,49.81619379771892
86168,Salavina,11217,3307,2718,27,0,1167,Más de  3.00 personas por cuarto,7,0,7,2652,1452,1192,4,0,1,0,2,1,66,1266,2.4282560706401766,46.57836644591612,1201,44.186902133922004
86175,San Martín,9831,2425,2261,25,3,978,Más de  3.00 personas por cuarto,5,0,5,2066,1169,873,9,0,3,0,9,3,195,1092,8.624502432551969,48.297213622291025,1005,44.44935869084476
86182,Sarmiento,4607,1315,1057,15,0,496,Más de  3.00 personas por cuarto,7,0,7,1041,695,343,1,0,0,1,1,0,16,362,1.5137180700094608,34.24787133396405,518,49.00662251655629
86189,Silípica,7712,1851,1819,63,1,1060,Más de  3.00 personas por cuarto,13,0,13,1620,1270,344,4,0,0,0,1,1,199,549,10.940076965365586,30.181418361737215,1135,62.39692138537658
90007,Burruyacú,36951,10335,8807,982,32,4198,Más de  3.00 personas por cuarto,139,1,140,8393,7570,282,514,6,8,0,6,7,414,1231,4.700806176904735,13.977517883501761,5288,60.04314749630976
90014,Cruz Alta,179708,42951,42588,2932,89,13638,Más de  3.00 personas por cuarto,888,3,891,38367,35072,854,1504,863,32,4,32,6,4221,6653,9.911242603550296,15.62177139100216,17372,40.79083309852541
90021,Chicligasta,80609,20605,19835,498,12,5229,Más de  3.00 personas por cuarto,393,17,410,18300,16994,217,478,532,50,1,27,1,1535,2309,7.738845475170154,11.641038568187549,6125,30.87975800352912
90028,Famallá,34542,8124,8019,232,8,2076,Más de  3.00 personas por cuarto,231,1,232,7247,6652,67,364,92,39,5,10,18,772,1275,9.627135553061478,15.899738121960343,2532,31.57500935278713
90035,Graneros,13551,4143,3481,105,3,1784,Más de  3.00 personas por cuarto,52,0,52,3367,3086,197,74,0,1,2,5,2,114,395,3.274920999712726,11.347313990232692,1938,55.673656995116346
90042,Juan B. Alberdi,30237,8261,7554,178,8,2289,Más de  3.00 personas por cuarto,133,0,133,7147,6742,187,114,68,24,1,10,1,407,744,5.387873974053481,9.849086576648133,2592,34.312946783161244
90049,La Cocha,19002,5043,4607,251,5,1727,Más de  3.00 personas por cuarto,122,0,122,4189,3955,106,108,2,4,0,7,7,418,650,9.073149555024962,14.108964619057957,2095,45.47427827219448
90056,Leales,54949,15209,13663,1279,34,5073,Más de  3.00 personas por cuarto,223,0,223,13127,12322,419,356,2,13,1,8,6,536,1339,3.9230037327087754,9.800190294957185,6541,47.87381980531362
90063,Lules,68474,16869,16361,589,23,3741,Más de  3.00 personas por cuarto,346,7,353,14608,12914,199,1035,391,52,1,15,1,1753,3056,10.714504003422775,18.678564879897316,4660,28.482366603508343
90070,Monteros,63641,17168,15944,446,28,4285,Más de  3.00 personas por cuarto,359,1,360,14962,14070,109,241,462,19,4,26,31,982,1412,6.159056698444556,8.855995985950829,5063,31.7548921224285
90077,Río Chico,56847,14733,14088,434,21,3790,Más de  3.00 personas por cuarto,271,1,272,13093,12415,158,273,212,22,2,10,1,995,1461,7.06274843838728,10.37052810902896,4475,31.764622373651335
90084,Capital,549604,157351,149017,555,30,16617,Más de  3.00 personas por cuarto,2443,149,2592,133879,100060,833,3645,28556,499,156,130,0,15138,20401,10.158572511861061,13.69038431856768,19734,13.242784380305602
90091,Simoca,30876,8660,7876,532,14,4189,Más de  3.00 personas por cuarto,85,2,87,7486,6992,317,144,8,13,2,8,2,390,876,4.9517521584560695,11.12239715591671,4794,60.868461147790754
90098,Tafí del Valle,14933,8517,3972,322,6,1500,Más de  3.00 personas por cuarto,49,2,51,3793,3478,228,39,14,18,4,9,3,179,480,4.506545820745216,12.084592145015106,1867,47.00402819738167
90105,Tafí Viejo,121513,31491,29759,1824,56,5397,Más de  3.00 personas por cuarto,757,4,761,26881,24870,444,995,511,33,2,15,11,2878,4378,9.671023891931853,14.71151584394637,7926,26.63395947444471
90112,Trancas,17371,6889,4441,171,3,1573,Más de  3.00 personas por cuarto,64,0,64,4204,3658,207,304,3,15,0,17,0,237,780,5.336635892816933,17.563611799144336,1805,40.64399909930196
90119,Yerba Buena,75078,19691,18560,2139,48,2080,Más de  3.00 personas por cuarto,153,0,153,17206,16376,115,443,239,28,0,5,0,1354,1945,7.295258620689656,10.479525862068966,4324,23.29741379310345
94007,Río Grande,69058,23298,21004,948,6,1186,Más de  3.00 personas por cuarto,238,36,274,19879,15260,29,2457,2011,62,6,36,18,1125,3733,5.356122643306037,17.77280517996572,2402,11.435916968196533
94014,Ushuaia,56987,20054,17365,615,28,875,Más de  3.00 personas por cuarto,190,49,239,16806,9852,116,3995,2696,102,10,15,20,559,4817,3.2191189173625108,27.739706305787504,1701,9.795565793262309
94021,Islas del Atlántico sur,17,0,0,0,0,0,NA,NA,NA,NA,0,0,0,0,0,0,0,0,0,0,0,NA,NA,NA,NA
94028,Antártida Argentina,190,8,8,0,0,0,NA,NA,NA,NA,8,8,0,0,0,0,0,0,0,0,0,0,0,NA,NA
